embedded_show_network_id,embedded_show_network_name,embedded_show_network_country_name,embedded_show_network_country_cod,embedded_show_network_country_timezone,embedded_show_network_officialSite
308.0,ТНТ,Russian Federation,RU,Asia/Kamchatka,
1282.0,CCTV-1,China,CN,Asia/Shanghai,
514.0,ТВ-3,Russian Federation,RU,Asia/Kamchatka,
1569.0,Суббота,Russian Federation,RU,Asia/Kamchatka,
1683.0,DMC,Egypt,EG,Africa/Cairo,
85.0,PBS,United States,US,America/New_York,
159.0,TBS,Japan,JP,Asia/Tokyo,
205.0,NFL Network,United States,US,America/New_York,
1354.0,Fuji TV TWO,Japan,JP,Asia/Tokyo,
23.0,Comedy Central,United States,US,America/New_York,
1006.0,Vice TV,United States,US,America/New_York,
112.0,RTL4,Netherlands,NL,Europe/Amsterdam,
432.0,OCS Max,France,FR,Europe/Paris,
1862.0,AfricaMagic Showcase,South Africa,ZA,Africa/Johannesburg,
374.0,TV Globo,Brazil,BR,America/Noronha,
402.0,Новий Канал,Ukraine,UA,Europe/Zaporozhye,
30.0,USA Network,United States,US,America/New_York,
132.0,Tokyo MX,Japan,JP,Asia/Tokyo,
1262.0,One31,Thailand,TH,Asia/Bangkok,
1766.0,Alarby Television,Saudi Arabia,SA,Asia/Riyadh,
1808.0,MBC Masr,Egypt,EG,Africa/Cairo,
276.0,Hunan TV,China,CN,Asia/Shanghai,
127.0,SBS,"Korea, Republic of",KR,Asia/Seoul,
339.0,TV 2,Norway,NO,Europe/Oslo,
78.0,Disney Channel,United States,US,America/New_York,
41.0,E4,United Kingdom,GB,Europe/London,
263.0,TV Asahi,Japan,JP,Asia/Tokyo,
76.0,TV Tokyo,Japan,JP,Asia/Tokyo,
236.0,Oprah Winfrey Network,United States,US,America/New_York,
91.0,NRK1,Norway,NO,Europe/Oslo,
8.0,HBO,United States,US,America/New_York,https://www.hbo.com/
1320.0,UA:Перший,Ukraine,UA,Europe/Zaporozhye,
755.0,Show TV,Turkey,TR,Europe/Istanbul,
558.0,TV3,Sweden,SE,Europe/Stockholm,
51.0,BBC Four,United Kingdom,GB,Europe/London,
304.0,СТС,Russian Federation,RU,Asia/Kamchatka,
106.0,France 2,France,FR,Europe/Paris,
186.0,FUSE TV,United States,US,America/New_York,
239.0,Россия 1,Russian Federation,RU,Asia/Kamchatka,
114.0,ABC,Australia,AU,Australia/Sydney,https://www.abc.net.au/
49.0,BBC Three,United Kingdom,GB,Europe/London,https://www.bbc.co.uk/bbcthree
37.0,BBC Two,United Kingdom,GB,Europe/London,https://www.bbc.co.uk/bbctwo
551.0,ITV Be,United Kingdom,GB,Europe/London,
