{"add":{"path":"part-00000-6ea6a0ff-a042-4865-8012-235716608226-c000.snappy.parquet","partitionValues":{},"size":930,"modificationTime":1663463217000,"dataChange":true,"stats":"{\"numRecords\":5,\"minValues\":{\"Id_Genero\":1,\"Genero\":\"ACTION\"},\"maxValues\":{\"Id_Genero\":5,\"Genero\":\"ROMANCE\"},\"nullCount\":{\"Id_Genero\":0,\"Genero\":0}}","tags":{"INSERTION_TIME":"1663463217000000","OPTIMIZE_TARGET_SIZE":"268435456"}}}
{"add":{"path":"part-00001-14960dc5-6f55-48e6-a785-57a0c817b73d-c000.snappy.parquet","partitionValues":{},"size":951,"modificationTime":1663463217000,"dataChange":true,"stats":"{\"numRecords\":6,\"minValues\":{\"Id_Genero\":6,\"Genero\":\"ADVENTURE\"},\"maxValues\":{\"Id_Genero\":11,\"Genero\":\"SPORTS\"},\"nullCount\":{\"Id_Genero\":0,\"Genero\":0}}","tags":{"INSERTION_TIME":"1663463217000001","OPTIMIZE_TARGET_SIZE":"268435456"}}}
{"add":{"path":"part-00002-ef76a149-2e05-4fbc-b70f-c162783e57b2-c000.snappy.parquet","partitionValues":{},"size":953,"modificationTime":1663463217000,"dataChange":true,"stats":"{\"numRecords\":6,\"minValues\":{\"Id_Genero\":12,\"Genero\":\"CHILDREN\"},\"maxValues\":{\"Id_Genero\":17,\"Genero\":\"WAR\"},\"nullCount\":{\"Id_Genero\":0,\"Genero\":0}}","tags":{"INSERTION_TIME":"1663463217000002","OPTIMIZE_TARGET_SIZE":"268435456"}}}
{"add":{"path":"part-00003-6eb68842-3d4b-4cfd-a88f-e1bcfec7904d-c000.snappy.parquet","partitionValues":{},"size":958,"modificationTime":1663463217000,"dataChange":true,"stats":"{\"numRecords\":6,\"minValues\":{\"Id_Genero\":18,\"Genero\":\" ADVENTURE\"},\"maxValues\":{\"Id_Genero\":23,\"Genero\":\"MYSTERY\"},\"nullCount\":{\"Id_Genero\":0,\"Genero\":0}}","tags":{"INSERTION_TIME":"1663463217000003","OPTIMIZE_TARGET_SIZE":"268435456"}}}
{"add":{"path":"part-00004-75fd1815-dbd4-4850-8d9e-ae0a4d94dfc0-c000.snappy.parquet","partitionValues":{},"size":938,"modificationTime":1663463217000,"dataChange":true,"stats":"{\"numRecords\":5,\"minValues\":{\"Id_Genero\":24,\"Genero\":\" ACTION\"},\"maxValues\":{\"Id_Genero\":28,\"Genero\":\" ROMANCE\"},\"nullCount\":{\"Id_Genero\":0,\"Genero\":0}}","tags":{"INSERTION_TIME":"1663463217000004","OPTIMIZE_TARGET_SIZE":"268435456"}}}
{"add":{"path":"part-00005-10e5d9ba-5c45-4eed-b74e-530e67231192-c000.snappy.parquet","partitionValues":{},"size":967,"modificationTime":1663463217000,"dataChange":true,"stats":"{\"numRecords\":6,\"minValues\":{\"Id_Genero\":29,\"Genero\":\" COMEDY\"},\"maxValues\":{\"Id_Genero\":34,\"Genero\":\" THRILLER\"},\"nullCount\":{\"Id_Genero\":0,\"Genero\":0}}","tags":{"INSERTION_TIME":"1663463217000005","OPTIMIZE_TARGET_SIZE":"268435456"}}}
{"add":{"path":"part-00006-28960dbe-2d9a-4e5f-8dee-34f2734ac3aa-c000.snappy.parquet","partitionValues":{},"size":970,"modificationTime":1663463217000,"dataChange":true,"stats":"{\"numRecords\":6,\"minValues\":{\"Id_Genero\":35,\"Genero\":\" FAMILY\"},\"maxValues\":{\"Id_Genero\":40,\"Genero\":\" SUPERNATURAL\"},\"nullCount\":{\"Id_Genero\":0,\"Genero\":0}}","tags":{"INSERTION_TIME":"1663463217000006","OPTIMIZE_TARGET_SIZE":"268435456"}}}
{"add":{"path":"part-00007-9a6506e2-2aa1-42bb-82d1-9142ddf86f56-c000.snappy.parquet","partitionValues":{},"size":934,"modificationTime":1663463217000,"dataChange":true,"stats":"{\"numRecords\":6,\"minValues\":{\"Id_Genero\":41,\"Genero\":\" ADULT\"},\"maxValues\":{\"Id_Genero\":46,\"Genero\":\" WAR\"},\"nullCount\":{\"Id_Genero\":0,\"Genero\":0}}","tags":{"INSERTION_TIME":"1663463217000007","OPTIMIZE_TARGET_SIZE":"268435456"}}}
{"remove":{"path":"part-00000-e05534ee-4d79-4ee4-9374-e09d209147e0-c000.snappy.parquet","deletionTimestamp":1663463217798,"dataChange":true,"extendedFileMetadata":true,"partitionValues":{},"size":930,"tags":{"INSERTION_TIME":"1663463210000000","OPTIMIZE_TARGET_SIZE":"268435456"}}}
{"remove":{"path":"part-00001-024c2574-b55f-4fcc-ba09-38213587cc66-c000.snappy.parquet","deletionTimestamp":1663463217798,"dataChange":true,"extendedFileMetadata":true,"partitionValues":{},"size":951,"tags":{"INSERTION_TIME":"1663463210000001","OPTIMIZE_TARGET_SIZE":"268435456"}}}
{"remove":{"path":"part-00002-ac0446c4-72e1-4933-87c0-2e2c245d4275-c000.snappy.parquet","deletionTimestamp":1663463217798,"dataChange":true,"extendedFileMetadata":true,"partitionValues":{},"size":953,"tags":{"INSERTION_TIME":"1663463210000002","OPTIMIZE_TARGET_SIZE":"268435456"}}}
{"remove":{"path":"part-00003-7e52fcfd-7d3e-4baf-a06e-b35245576f1f-c000.snappy.parquet","deletionTimestamp":1663463217798,"dataChange":true,"extendedFileMetadata":true,"partitionValues":{},"size":958,"tags":{"INSERTION_TIME":"1663463210000003","OPTIMIZE_TARGET_SIZE":"268435456"}}}
{"remove":{"path":"part-00004-ff5b1af7-d285-460a-b339-2f6e1e1a67fb-c000.snappy.parquet","deletionTimestamp":1663463217798,"dataChange":true,"extendedFileMetadata":true,"partitionValues":{},"size":938,"tags":{"INSERTION_TIME":"1663463210000004","OPTIMIZE_TARGET_SIZE":"268435456"}}}
{"remove":{"path":"part-00005-d551e52b-5aa5-4118-b87b-b1a912dd71d9-c000.snappy.parquet","deletionTimestamp":1663463217798,"dataChange":true,"extendedFileMetadata":true,"partitionValues":{},"size":967,"tags":{"INSERTION_TIME":"1663463210000005","OPTIMIZE_TARGET_SIZE":"268435456"}}}
{"remove":{"path":"part-00006-654dd186-c7c9-4982-a92b-4b9fb1a52006-c000.snappy.parquet","deletionTimestamp":1663463217798,"dataChange":true,"extendedFileMetadata":true,"partitionValues":{},"size":970,"tags":{"INSERTION_TIME":"1663463210000006","OPTIMIZE_TARGET_SIZE":"268435456"}}}
{"remove":{"path":"part-00007-38f02834-d195-4496-8490-7d090030eea2-c000.snappy.parquet","deletionTimestamp":1663463217798,"dataChange":true,"extendedFileMetadata":true,"partitionValues":{},"size":934,"tags":{"INSERTION_TIME":"1663463210000007","OPTIMIZE_TARGET_SIZE":"268435456"}}}
{"commitInfo":{"timestamp":1663463217799,"userId":"8534114395324379","userName":"jramirez@iwco.co","operation":"WRITE","operationParameters":{"mode":"Overwrite","partitionBy":"[]"},"notebook":{"notebookId":"2332635609408757"},"clusterId":"0917-171652-htk1q29x","readVersion":2,"isolationLevel":"WriteSerializable","isBlindAppend":false,"operationMetrics":{"numFiles":"8","numOutputRows":"46","numOutputBytes":"7601"},"engineInfo":"Databricks-Runtime/10.4.x-scala2.12","txnId":"31a89787-6ade-4197-b780-3ce25267aad9"}}
