{"remove":{"path":"part-00001-14960dc5-6f55-48e6-a785-57a0c817b73d-c000.snappy.parquet","deletionTimestamp":1663463245377,"dataChange":true,"extendedFileMetadata":true,"partitionValues":{},"size":951,"tags":{"INSERTION_TIME":"1663463217000001","OPTIMIZE_TARGET_SIZE":"268435456"}}}
{"remove":{"path":"part-00007-9a6506e2-2aa1-42bb-82d1-9142ddf86f56-c000.snappy.parquet","deletionTimestamp":1663463245377,"dataChange":true,"extendedFileMetadata":true,"partitionValues":{},"size":934,"tags":{"INSERTION_TIME":"1663463217000007","OPTIMIZE_TARGET_SIZE":"268435456"}}}
{"remove":{"path":"part-00005-10e5d9ba-5c45-4eed-b74e-530e67231192-c000.snappy.parquet","deletionTimestamp":1663463245377,"dataChange":true,"extendedFileMetadata":true,"partitionValues":{},"size":967,"tags":{"INSERTION_TIME":"1663463217000005","OPTIMIZE_TARGET_SIZE":"268435456"}}}
{"remove":{"path":"part-00003-6eb68842-3d4b-4cfd-a88f-e1bcfec7904d-c000.snappy.parquet","deletionTimestamp":1663463245377,"dataChange":true,"extendedFileMetadata":true,"partitionValues":{},"size":958,"tags":{"INSERTION_TIME":"1663463217000003","OPTIMIZE_TARGET_SIZE":"268435456"}}}
{"remove":{"path":"part-00006-28960dbe-2d9a-4e5f-8dee-34f2734ac3aa-c000.snappy.parquet","deletionTimestamp":1663463245377,"dataChange":true,"extendedFileMetadata":true,"partitionValues":{},"size":970,"tags":{"INSERTION_TIME":"1663463217000006","OPTIMIZE_TARGET_SIZE":"268435456"}}}
{"remove":{"path":"part-00000-6ea6a0ff-a042-4865-8012-235716608226-c000.snappy.parquet","deletionTimestamp":1663463245377,"dataChange":true,"extendedFileMetadata":true,"partitionValues":{},"size":930,"tags":{"INSERTION_TIME":"1663463217000000","OPTIMIZE_TARGET_SIZE":"268435456"}}}
{"remove":{"path":"part-00004-75fd1815-dbd4-4850-8d9e-ae0a4d94dfc0-c000.snappy.parquet","deletionTimestamp":1663463245377,"dataChange":true,"extendedFileMetadata":true,"partitionValues":{},"size":938,"tags":{"INSERTION_TIME":"1663463217000004","OPTIMIZE_TARGET_SIZE":"268435456"}}}
{"remove":{"path":"part-00002-ef76a149-2e05-4fbc-b70f-c162783e57b2-c000.snappy.parquet","deletionTimestamp":1663463245377,"dataChange":true,"extendedFileMetadata":true,"partitionValues":{},"size":953,"tags":{"INSERTION_TIME":"1663463217000002","OPTIMIZE_TARGET_SIZE":"268435456"}}}
{"add":{"path":"part-00000-733f58da-46ab-4ee0-a61b-7389138e9574-c000.snappy.parquet","partitionValues":{},"size":930,"modificationTime":1663463244000,"dataChange":true,"stats":"{\"numRecords\":5,\"minValues\":{\"Id_Genero\":1,\"Genero\":\"ACTION\"},\"maxValues\":{\"Id_Genero\":5,\"Genero\":\"ROMANCE\"},\"nullCount\":{\"Id_Genero\":0,\"Genero\":0}}","tags":{"INSERTION_TIME":"1663463244000000","OPTIMIZE_TARGET_SIZE":"268435456"}}}
{"add":{"path":"part-00001-677d0ea2-815a-4212-9ac8-a63a88c563cf-c000.snappy.parquet","partitionValues":{},"size":951,"modificationTime":1663463244000,"dataChange":true,"stats":"{\"numRecords\":6,\"minValues\":{\"Id_Genero\":6,\"Genero\":\"ADVENTURE\"},\"maxValues\":{\"Id_Genero\":11,\"Genero\":\"SPORTS\"},\"nullCount\":{\"Id_Genero\":0,\"Genero\":0}}","tags":{"INSERTION_TIME":"1663463244000001","OPTIMIZE_TARGET_SIZE":"268435456"}}}
{"add":{"path":"part-00002-031de96e-b18c-4db0-87d8-ebf90497ee70-c000.snappy.parquet","partitionValues":{},"size":953,"modificationTime":1663463245000,"dataChange":true,"stats":"{\"numRecords\":6,\"minValues\":{\"Id_Genero\":12,\"Genero\":\"CHILDREN\"},\"maxValues\":{\"Id_Genero\":17,\"Genero\":\"WAR\"},\"nullCount\":{\"Id_Genero\":0,\"Genero\":0}}","tags":{"INSERTION_TIME":"1663463244000002","OPTIMIZE_TARGET_SIZE":"268435456"}}}
{"add":{"path":"part-00003-578a8b4f-9a0e-48d4-89ad-4034336d993a-c000.snappy.parquet","partitionValues":{},"size":958,"modificationTime":1663463244000,"dataChange":true,"stats":"{\"numRecords\":6,\"minValues\":{\"Id_Genero\":18,\"Genero\":\" ADVENTURE\"},\"maxValues\":{\"Id_Genero\":23,\"Genero\":\"MYSTERY\"},\"nullCount\":{\"Id_Genero\":0,\"Genero\":0}}","tags":{"INSERTION_TIME":"1663463244000003","OPTIMIZE_TARGET_SIZE":"268435456"}}}
{"add":{"path":"part-00004-edd765e3-17eb-4730-b03a-1c7ea40bbda1-c000.snappy.parquet","partitionValues":{},"size":938,"modificationTime":1663463244000,"dataChange":true,"stats":"{\"numRecords\":5,\"minValues\":{\"Id_Genero\":24,\"Genero\":\" ACTION\"},\"maxValues\":{\"Id_Genero\":28,\"Genero\":\" ROMANCE\"},\"nullCount\":{\"Id_Genero\":0,\"Genero\":0}}","tags":{"INSERTION_TIME":"1663463244000004","OPTIMIZE_TARGET_SIZE":"268435456"}}}
{"add":{"path":"part-00005-d76ba94a-efc1-4987-8ce1-2059ca562339-c000.snappy.parquet","partitionValues":{},"size":967,"modificationTime":1663463245000,"dataChange":true,"stats":"{\"numRecords\":6,\"minValues\":{\"Id_Genero\":29,\"Genero\":\" COMEDY\"},\"maxValues\":{\"Id_Genero\":34,\"Genero\":\" THRILLER\"},\"nullCount\":{\"Id_Genero\":0,\"Genero\":0}}","tags":{"INSERTION_TIME":"1663463244000005","OPTIMIZE_TARGET_SIZE":"268435456"}}}
{"add":{"path":"part-00006-d29a7608-2aea-49af-859c-d6afcabeadb2-c000.snappy.parquet","partitionValues":{},"size":970,"modificationTime":1663463245000,"dataChange":true,"stats":"{\"numRecords\":6,\"minValues\":{\"Id_Genero\":35,\"Genero\":\" FAMILY\"},\"maxValues\":{\"Id_Genero\":40,\"Genero\":\" SUPERNATURAL\"},\"nullCount\":{\"Id_Genero\":0,\"Genero\":0}}","tags":{"INSERTION_TIME":"1663463244000006","OPTIMIZE_TARGET_SIZE":"268435456"}}}
{"add":{"path":"part-00007-b6bbae1f-2ab6-482e-bf89-2f5b7e513bbe-c000.snappy.parquet","partitionValues":{},"size":934,"modificationTime":1663463244000,"dataChange":true,"stats":"{\"numRecords\":6,\"minValues\":{\"Id_Genero\":41,\"Genero\":\" ADULT\"},\"maxValues\":{\"Id_Genero\":46,\"Genero\":\" WAR\"},\"nullCount\":{\"Id_Genero\":0,\"Genero\":0}}","tags":{"INSERTION_TIME":"1663463244000007","OPTIMIZE_TARGET_SIZE":"268435456"}}}
{"commitInfo":{"timestamp":1663463245499,"userId":"8534114395324379","userName":"jramirez@iwco.co","operation":"MERGE","operationParameters":{"predicate":"(tgt.Id_Genero = upd.Id_Genero)","matchedPredicates":"[{\"actionType\":\"update\"}]","notMatchedPredicates":"[{\"actionType\":\"insert\"}]"},"notebook":{"notebookId":"2332635609408757"},"clusterId":"0917-171652-htk1q29x","readVersion":5,"isolationLevel":"WriteSerializable","isBlindAppend":false,"operationMetrics":{"numTargetRowsCopied":"0","numTargetRowsDeleted":"0","numTargetFilesAdded":"8","executionTimeMs":"3271","numTargetRowsInserted":"0","scanTimeMs":"1284","numTargetRowsUpdated":"46","numOutputRows":"46","numTargetChangeFilesAdded":"0","numSourceRows":"46","numTargetFilesRemoved":"8","rewriteTimeMs":"1807"},"engineInfo":"Databricks-Runtime/10.4.x-scala2.12","txnId":"586f1801-0af7-49cd-b607-6d802e022a71"}}
