{"remove":{"path":"part-00004-4a021cc1-8b5e-4486-a84b-ee6e11fc8cf9-c000.snappy.parquet","deletionTimestamp":1663463213841,"dataChange":true,"extendedFileMetadata":true,"partitionValues":{},"size":938,"tags":{"INSERTION_TIME":"1663463185000004","OPTIMIZE_TARGET_SIZE":"268435456"}}}
{"remove":{"path":"part-00001-2ace3559-5e70-4e3f-a3e6-b6aa5f95fc05-c000.snappy.parquet","deletionTimestamp":1663463213841,"dataChange":true,"extendedFileMetadata":true,"partitionValues":{},"size":951,"tags":{"INSERTION_TIME":"1663463185000001","OPTIMIZE_TARGET_SIZE":"268435456"}}}
{"remove":{"path":"part-00002-fdada342-0e20-464e-9592-54f873f5b649-c000.snappy.parquet","deletionTimestamp":1663463213841,"dataChange":true,"extendedFileMetadata":true,"partitionValues":{},"size":953,"tags":{"INSERTION_TIME":"1663463185000002","OPTIMIZE_TARGET_SIZE":"268435456"}}}
{"remove":{"path":"part-00005-b19afaff-886e-4b41-b37c-b84774cee281-c000.snappy.parquet","deletionTimestamp":1663463213841,"dataChange":true,"extendedFileMetadata":true,"partitionValues":{},"size":967,"tags":{"INSERTION_TIME":"1663463185000005","OPTIMIZE_TARGET_SIZE":"268435456"}}}
{"remove":{"path":"part-00007-8a7bb0d9-6dfa-4d89-aa40-73b2d0085eb7-c000.snappy.parquet","deletionTimestamp":1663463213841,"dataChange":true,"extendedFileMetadata":true,"partitionValues":{},"size":934,"tags":{"INSERTION_TIME":"1663463185000007","OPTIMIZE_TARGET_SIZE":"268435456"}}}
{"remove":{"path":"part-00006-c3ff739d-5297-495a-b274-477a2d5dcc5e-c000.snappy.parquet","deletionTimestamp":1663463213841,"dataChange":true,"extendedFileMetadata":true,"partitionValues":{},"size":970,"tags":{"INSERTION_TIME":"1663463185000006","OPTIMIZE_TARGET_SIZE":"268435456"}}}
{"remove":{"path":"part-00003-bcab07a1-f683-4c3a-a962-3b4bf8d722c0-c000.snappy.parquet","deletionTimestamp":1663463213841,"dataChange":true,"extendedFileMetadata":true,"partitionValues":{},"size":958,"tags":{"INSERTION_TIME":"1663463185000003","OPTIMIZE_TARGET_SIZE":"268435456"}}}
{"remove":{"path":"part-00000-d3163707-a340-4a8c-a080-7940fffb8996-c000.snappy.parquet","deletionTimestamp":1663463213841,"dataChange":true,"extendedFileMetadata":true,"partitionValues":{},"size":930,"tags":{"INSERTION_TIME":"1663463185000000","OPTIMIZE_TARGET_SIZE":"268435456"}}}
{"add":{"path":"part-00000-e05534ee-4d79-4ee4-9374-e09d209147e0-c000.snappy.parquet","partitionValues":{},"size":930,"modificationTime":1663463210000,"dataChange":true,"stats":"{\"numRecords\":5,\"minValues\":{\"Id_Genero\":1,\"Genero\":\"ACTION\"},\"maxValues\":{\"Id_Genero\":5,\"Genero\":\"ROMANCE\"},\"nullCount\":{\"Id_Genero\":0,\"Genero\":0}}","tags":{"INSERTION_TIME":"1663463210000000","OPTIMIZE_TARGET_SIZE":"268435456"}}}
{"add":{"path":"part-00001-024c2574-b55f-4fcc-ba09-38213587cc66-c000.snappy.parquet","partitionValues":{},"size":951,"modificationTime":1663463211000,"dataChange":true,"stats":"{\"numRecords\":6,\"minValues\":{\"Id_Genero\":6,\"Genero\":\"ADVENTURE\"},\"maxValues\":{\"Id_Genero\":11,\"Genero\":\"SPORTS\"},\"nullCount\":{\"Id_Genero\":0,\"Genero\":0}}","tags":{"INSERTION_TIME":"1663463210000001","OPTIMIZE_TARGET_SIZE":"268435456"}}}
{"add":{"path":"part-00002-ac0446c4-72e1-4933-87c0-2e2c245d4275-c000.snappy.parquet","partitionValues":{},"size":953,"modificationTime":1663463210000,"dataChange":true,"stats":"{\"numRecords\":6,\"minValues\":{\"Id_Genero\":12,\"Genero\":\"CHILDREN\"},\"maxValues\":{\"Id_Genero\":17,\"Genero\":\"WAR\"},\"nullCount\":{\"Id_Genero\":0,\"Genero\":0}}","tags":{"INSERTION_TIME":"1663463210000002","OPTIMIZE_TARGET_SIZE":"268435456"}}}
{"add":{"path":"part-00003-7e52fcfd-7d3e-4baf-a06e-b35245576f1f-c000.snappy.parquet","partitionValues":{},"size":958,"modificationTime":1663463211000,"dataChange":true,"stats":"{\"numRecords\":6,\"minValues\":{\"Id_Genero\":18,\"Genero\":\" ADVENTURE\"},\"maxValues\":{\"Id_Genero\":23,\"Genero\":\"MYSTERY\"},\"nullCount\":{\"Id_Genero\":0,\"Genero\":0}}","tags":{"INSERTION_TIME":"1663463210000003","OPTIMIZE_TARGET_SIZE":"268435456"}}}
{"add":{"path":"part-00004-ff5b1af7-d285-460a-b339-2f6e1e1a67fb-c000.snappy.parquet","partitionValues":{},"size":938,"modificationTime":1663463211000,"dataChange":true,"stats":"{\"numRecords\":5,\"minValues\":{\"Id_Genero\":24,\"Genero\":\" ACTION\"},\"maxValues\":{\"Id_Genero\":28,\"Genero\":\" ROMANCE\"},\"nullCount\":{\"Id_Genero\":0,\"Genero\":0}}","tags":{"INSERTION_TIME":"1663463210000004","OPTIMIZE_TARGET_SIZE":"268435456"}}}
{"add":{"path":"part-00005-d551e52b-5aa5-4118-b87b-b1a912dd71d9-c000.snappy.parquet","partitionValues":{},"size":967,"modificationTime":1663463213000,"dataChange":true,"stats":"{\"numRecords\":6,\"minValues\":{\"Id_Genero\":29,\"Genero\":\" COMEDY\"},\"maxValues\":{\"Id_Genero\":34,\"Genero\":\" THRILLER\"},\"nullCount\":{\"Id_Genero\":0,\"Genero\":0}}","tags":{"INSERTION_TIME":"1663463210000005","OPTIMIZE_TARGET_SIZE":"268435456"}}}
{"add":{"path":"part-00006-654dd186-c7c9-4982-a92b-4b9fb1a52006-c000.snappy.parquet","partitionValues":{},"size":970,"modificationTime":1663463210000,"dataChange":true,"stats":"{\"numRecords\":6,\"minValues\":{\"Id_Genero\":35,\"Genero\":\" FAMILY\"},\"maxValues\":{\"Id_Genero\":40,\"Genero\":\" SUPERNATURAL\"},\"nullCount\":{\"Id_Genero\":0,\"Genero\":0}}","tags":{"INSERTION_TIME":"1663463210000006","OPTIMIZE_TARGET_SIZE":"268435456"}}}
{"add":{"path":"part-00007-38f02834-d195-4496-8490-7d090030eea2-c000.snappy.parquet","partitionValues":{},"size":934,"modificationTime":1663463211000,"dataChange":true,"stats":"{\"numRecords\":6,\"minValues\":{\"Id_Genero\":41,\"Genero\":\" ADULT\"},\"maxValues\":{\"Id_Genero\":46,\"Genero\":\" WAR\"},\"nullCount\":{\"Id_Genero\":0,\"Genero\":0}}","tags":{"INSERTION_TIME":"1663463210000007","OPTIMIZE_TARGET_SIZE":"268435456"}}}
{"commitInfo":{"timestamp":1663463213995,"userId":"8534114395324379","userName":"jramirez@iwco.co","operation":"MERGE","operationParameters":{"predicate":"(tgt.Id_Genero = upd.Id_Genero)","matchedPredicates":"[{\"actionType\":\"update\"}]","notMatchedPredicates":"[{\"actionType\":\"insert\"}]"},"notebook":{"notebookId":"2332635609408757"},"clusterId":"0917-171652-htk1q29x","readVersion":1,"isolationLevel":"WriteSerializable","isBlindAppend":false,"operationMetrics":{"numTargetRowsCopied":"0","numTargetRowsDeleted":"0","numTargetFilesAdded":"8","executionTimeMs":"5485","numTargetRowsInserted":"0","scanTimeMs":"1360","numTargetRowsUpdated":"46","numOutputRows":"46","numTargetChangeFilesAdded":"0","numSourceRows":"46","numTargetFilesRemoved":"8","rewriteTimeMs":"3922"},"engineInfo":"Databricks-Runtime/10.4.x-scala2.12","txnId":"2b831bc4-14f4-4ad2-951c-f8cf946589d3"}}
