{"remove":{"path":"part-00000-2288e538-cd25-4a87-9056-305cf0c2d479-c000.snappy.parquet","deletionTimestamp":1663502191051,"dataChange":true,"extendedFileMetadata":true,"partitionValues":{},"size":930,"tags":{"INSERTION_TIME":"1663463248000000","OPTIMIZE_TARGET_SIZE":"268435456"}}}
{"remove":{"path":"part-00001-a2f214b2-46a1-41db-9ed6-f80cfa6e2aa7-c000.snappy.parquet","deletionTimestamp":1663502191052,"dataChange":true,"extendedFileMetadata":true,"partitionValues":{},"size":951,"tags":{"INSERTION_TIME":"1663463248000001","OPTIMIZE_TARGET_SIZE":"268435456"}}}
{"remove":{"path":"part-00002-97ad2882-03cd-403e-808b-53ccbfae6d48-c000.snappy.parquet","deletionTimestamp":1663502191052,"dataChange":true,"extendedFileMetadata":true,"partitionValues":{},"size":953,"tags":{"INSERTION_TIME":"1663463248000002","OPTIMIZE_TARGET_SIZE":"268435456"}}}
{"remove":{"path":"part-00003-56eb6052-4af6-45fd-a6a6-a96f3ad7d4f7-c000.snappy.parquet","deletionTimestamp":1663502191052,"dataChange":true,"extendedFileMetadata":true,"partitionValues":{},"size":958,"tags":{"INSERTION_TIME":"1663463248000003","OPTIMIZE_TARGET_SIZE":"268435456"}}}
{"remove":{"path":"part-00004-cda4db7c-d46f-4e43-8961-f1460112a6cc-c000.snappy.parquet","deletionTimestamp":1663502191052,"dataChange":true,"extendedFileMetadata":true,"partitionValues":{},"size":938,"tags":{"INSERTION_TIME":"1663463248000004","OPTIMIZE_TARGET_SIZE":"268435456"}}}
{"remove":{"path":"part-00005-6c63d2c7-da25-4d2b-be5e-7720aff4d5d2-c000.snappy.parquet","deletionTimestamp":1663502191052,"dataChange":true,"extendedFileMetadata":true,"partitionValues":{},"size":967,"tags":{"INSERTION_TIME":"1663463248000005","OPTIMIZE_TARGET_SIZE":"268435456"}}}
{"remove":{"path":"part-00006-0260f94a-3903-4493-8d78-e55fd34082d9-c000.snappy.parquet","deletionTimestamp":1663502191052,"dataChange":true,"extendedFileMetadata":true,"partitionValues":{},"size":970,"tags":{"INSERTION_TIME":"1663463248000006","OPTIMIZE_TARGET_SIZE":"268435456"}}}
{"remove":{"path":"part-00007-216f773c-8765-4ca2-b200-5ff08eb56152-c000.snappy.parquet","deletionTimestamp":1663502191052,"dataChange":true,"extendedFileMetadata":true,"partitionValues":{},"size":934,"tags":{"INSERTION_TIME":"1663463248000007","OPTIMIZE_TARGET_SIZE":"268435456"}}}
{"commitInfo":{"timestamp":1663502191053,"userId":"8534114395324379","userName":"jramirez@iwco.co","operation":"WRITE","operationParameters":{"mode":"Overwrite","partitionBy":"[]"},"notebook":{"notebookId":"580977330729499"},"clusterId":"0917-171652-htk1q29x","readVersion":9,"isolationLevel":"WriteSerializable","isBlindAppend":false,"operationMetrics":{"numFiles":"0","numOutputRows":"0","numOutputBytes":"0"},"engineInfo":"Databricks-Runtime/10.4.x-scala2.12","txnId":"1158c19d-aaad-4c37-8f76-71fae5b04e45"}}
