{"commitInfo":{"timestamp":1663463254658,"userId":"8534114395324379","userName":"jramirez@iwco.co","operation":"VACUUM START","operationParameters":{"retentionCheckEnabled":false,"specifiedRetentionMillis":0,"defaultRetentionMillis":604800000},"notebook":{"notebookId":"2332635609408757"},"clusterId":"0917-171652-htk1q29x","readVersion":7,"isolationLevel":"SnapshotIsolation","isBlindAppend":true,"operationMetrics":{"numFilesToDelete":"16"},"engineInfo":"Databricks-Runtime/10.4.x-scala2.12","txnId":"77f8d43a-422a-4e42-9fa0-eebf58de7608"}}
