{"remove":{"path":"part-00000-55832632-0f5e-420b-8bb5-292deca3821b-c000.snappy.parquet","deletionTimestamp":1663506108103,"dataChange":true,"extendedFileMetadata":true,"partitionValues":{},"size":930,"tags":{"INSERTION_TIME":"1663504707000000","OPTIMIZE_TARGET_SIZE":"268435456"}}}
{"remove":{"path":"part-00001-934f906d-a7a1-4905-a031-0b192371e055-c000.snappy.parquet","deletionTimestamp":1663506108103,"dataChange":true,"extendedFileMetadata":true,"partitionValues":{},"size":951,"tags":{"INSERTION_TIME":"1663504707000001","OPTIMIZE_TARGET_SIZE":"268435456"}}}
{"remove":{"path":"part-00002-a89e809c-c605-409b-aeac-1badfb0e223e-c000.snappy.parquet","deletionTimestamp":1663506108103,"dataChange":true,"extendedFileMetadata":true,"partitionValues":{},"size":953,"tags":{"INSERTION_TIME":"1663504707000002","OPTIMIZE_TARGET_SIZE":"268435456"}}}
{"remove":{"path":"part-00003-8d824f7b-50dc-41cc-8039-d7cdc70f029a-c000.snappy.parquet","deletionTimestamp":1663506108103,"dataChange":true,"extendedFileMetadata":true,"partitionValues":{},"size":958,"tags":{"INSERTION_TIME":"1663504707000003","OPTIMIZE_TARGET_SIZE":"268435456"}}}
{"remove":{"path":"part-00004-521e92c7-3b68-4f23-aa50-dff0dd1a3bd0-c000.snappy.parquet","deletionTimestamp":1663506108103,"dataChange":true,"extendedFileMetadata":true,"partitionValues":{},"size":938,"tags":{"INSERTION_TIME":"1663504707000004","OPTIMIZE_TARGET_SIZE":"268435456"}}}
{"remove":{"path":"part-00005-33d1c244-9088-4c91-bdf6-787fec12f72f-c000.snappy.parquet","deletionTimestamp":1663506108103,"dataChange":true,"extendedFileMetadata":true,"partitionValues":{},"size":967,"tags":{"INSERTION_TIME":"1663504707000005","OPTIMIZE_TARGET_SIZE":"268435456"}}}
{"remove":{"path":"part-00006-58f8641c-af30-4fb8-a107-67d0d2c32188-c000.snappy.parquet","deletionTimestamp":1663506108103,"dataChange":true,"extendedFileMetadata":true,"partitionValues":{},"size":970,"tags":{"INSERTION_TIME":"1663504707000006","OPTIMIZE_TARGET_SIZE":"268435456"}}}
{"remove":{"path":"part-00007-35a6d2ee-ea2e-4285-9eca-44b6d46b75fb-c000.snappy.parquet","deletionTimestamp":1663506108103,"dataChange":true,"extendedFileMetadata":true,"partitionValues":{},"size":934,"tags":{"INSERTION_TIME":"1663504707000007","OPTIMIZE_TARGET_SIZE":"268435456"}}}
{"commitInfo":{"timestamp":1663506108104,"userId":"8534114395324379","userName":"jramirez@iwco.co","operation":"WRITE","operationParameters":{"mode":"Overwrite","partitionBy":"[]"},"notebook":{"notebookId":"580977330729499"},"clusterId":"0917-171652-htk1q29x","readVersion":19,"isolationLevel":"WriteSerializable","isBlindAppend":false,"operationMetrics":{"numFiles":"0","numOutputRows":"0","numOutputBytes":"0"},"engineInfo":"Databricks-Runtime/10.4.x-scala2.12","txnId":"5df9724f-c818-4b4e-ba17-3bc508448ca0"}}
