{"commitInfo":{"timestamp":1663504715909,"userId":"8534114395324379","userName":"jramirez@iwco.co","operation":"VACUUM START","operationParameters":{"retentionCheckEnabled":false,"specifiedRetentionMillis":0,"defaultRetentionMillis":604800000},"notebook":{"notebookId":"2332635609408757"},"clusterId":"0917-171652-htk1q29x","readVersion":17,"isolationLevel":"SnapshotIsolation","isBlindAppend":true,"operationMetrics":{"numFilesToDelete":"16"},"engineInfo":"Databricks-Runtime/10.4.x-scala2.12","txnId":"7fd7a604-935d-4813-a8cd-3b3730f699e6"}}
