{"add":{"path":"part-00000-55832632-0f5e-420b-8bb5-292deca3821b-c000.snappy.parquet","partitionValues":{},"size":930,"modificationTime":1663504707000,"dataChange":true,"stats":"{\"numRecords\":5,\"minValues\":{\"Id_Genero\":1,\"Genero\":\"ACTION\"},\"maxValues\":{\"Id_Genero\":5,\"Genero\":\"ROMANCE\"},\"nullCount\":{\"Id_Genero\":0,\"Genero\":0}}","tags":{"INSERTION_TIME":"1663504707000000","OPTIMIZE_TARGET_SIZE":"268435456"}}}
{"add":{"path":"part-00001-934f906d-a7a1-4905-a031-0b192371e055-c000.snappy.parquet","partitionValues":{},"size":951,"modificationTime":1663504708000,"dataChange":true,"stats":"{\"numRecords\":6,\"minValues\":{\"Id_Genero\":6,\"Genero\":\"ADVENTURE\"},\"maxValues\":{\"Id_Genero\":11,\"Genero\":\"SPORTS\"},\"nullCount\":{\"Id_Genero\":0,\"Genero\":0}}","tags":{"INSERTION_TIME":"1663504707000001","OPTIMIZE_TARGET_SIZE":"268435456"}}}
{"add":{"path":"part-00002-a89e809c-c605-409b-aeac-1badfb0e223e-c000.snappy.parquet","partitionValues":{},"size":953,"modificationTime":1663504707000,"dataChange":true,"stats":"{\"numRecords\":6,\"minValues\":{\"Id_Genero\":12,\"Genero\":\"CHILDREN\"},\"maxValues\":{\"Id_Genero\":17,\"Genero\":\"WAR\"},\"nullCount\":{\"Id_Genero\":0,\"Genero\":0}}","tags":{"INSERTION_TIME":"1663504707000002","OPTIMIZE_TARGET_SIZE":"268435456"}}}
{"add":{"path":"part-00003-8d824f7b-50dc-41cc-8039-d7cdc70f029a-c000.snappy.parquet","partitionValues":{},"size":958,"modificationTime":1663504708000,"dataChange":true,"stats":"{\"numRecords\":6,\"minValues\":{\"Id_Genero\":18,\"Genero\":\" ADVENTURE\"},\"maxValues\":{\"Id_Genero\":23,\"Genero\":\"MYSTERY\"},\"nullCount\":{\"Id_Genero\":0,\"Genero\":0}}","tags":{"INSERTION_TIME":"1663504707000003","OPTIMIZE_TARGET_SIZE":"268435456"}}}
{"add":{"path":"part-00004-521e92c7-3b68-4f23-aa50-dff0dd1a3bd0-c000.snappy.parquet","partitionValues":{},"size":938,"modificationTime":1663504707000,"dataChange":true,"stats":"{\"numRecords\":5,\"minValues\":{\"Id_Genero\":24,\"Genero\":\" ACTION\"},\"maxValues\":{\"Id_Genero\":28,\"Genero\":\" ROMANCE\"},\"nullCount\":{\"Id_Genero\":0,\"Genero\":0}}","tags":{"INSERTION_TIME":"1663504707000004","OPTIMIZE_TARGET_SIZE":"268435456"}}}
{"add":{"path":"part-00005-33d1c244-9088-4c91-bdf6-787fec12f72f-c000.snappy.parquet","partitionValues":{},"size":967,"modificationTime":1663504707000,"dataChange":true,"stats":"{\"numRecords\":6,\"minValues\":{\"Id_Genero\":29,\"Genero\":\" COMEDY\"},\"maxValues\":{\"Id_Genero\":34,\"Genero\":\" THRILLER\"},\"nullCount\":{\"Id_Genero\":0,\"Genero\":0}}","tags":{"INSERTION_TIME":"1663504707000005","OPTIMIZE_TARGET_SIZE":"268435456"}}}
{"add":{"path":"part-00006-58f8641c-af30-4fb8-a107-67d0d2c32188-c000.snappy.parquet","partitionValues":{},"size":970,"modificationTime":1663504707000,"dataChange":true,"stats":"{\"numRecords\":6,\"minValues\":{\"Id_Genero\":35,\"Genero\":\" FAMILY\"},\"maxValues\":{\"Id_Genero\":40,\"Genero\":\" SUPERNATURAL\"},\"nullCount\":{\"Id_Genero\":0,\"Genero\":0}}","tags":{"INSERTION_TIME":"1663504707000006","OPTIMIZE_TARGET_SIZE":"268435456"}}}
{"add":{"path":"part-00007-35a6d2ee-ea2e-4285-9eca-44b6d46b75fb-c000.snappy.parquet","partitionValues":{},"size":934,"modificationTime":1663504707000,"dataChange":true,"stats":"{\"numRecords\":6,\"minValues\":{\"Id_Genero\":41,\"Genero\":\" ADULT\"},\"maxValues\":{\"Id_Genero\":46,\"Genero\":\" WAR\"},\"nullCount\":{\"Id_Genero\":0,\"Genero\":0}}","tags":{"INSERTION_TIME":"1663504707000007","OPTIMIZE_TARGET_SIZE":"268435456"}}}
{"remove":{"path":"part-00000-8286e2cf-1ec6-4636-af2f-5560fb30e0a8-c000.snappy.parquet","deletionTimestamp":1663504708576,"dataChange":true,"extendedFileMetadata":true,"partitionValues":{},"size":930,"tags":{"INSERTION_TIME":"1663504698000000","OPTIMIZE_TARGET_SIZE":"268435456"}}}
{"remove":{"path":"part-00001-12e356a2-3fe6-406c-92f7-b6c575b68e0f-c000.snappy.parquet","deletionTimestamp":1663504708576,"dataChange":true,"extendedFileMetadata":true,"partitionValues":{},"size":951,"tags":{"INSERTION_TIME":"1663504698000001","OPTIMIZE_TARGET_SIZE":"268435456"}}}
{"remove":{"path":"part-00002-3b2d7bb6-78e5-46f6-bbd1-a380ad58b1cc-c000.snappy.parquet","deletionTimestamp":1663504708576,"dataChange":true,"extendedFileMetadata":true,"partitionValues":{},"size":953,"tags":{"INSERTION_TIME":"1663504698000002","OPTIMIZE_TARGET_SIZE":"268435456"}}}
{"remove":{"path":"part-00003-6a0e8fd6-888b-4c06-afb4-06f78b1c1321-c000.snappy.parquet","deletionTimestamp":1663504708576,"dataChange":true,"extendedFileMetadata":true,"partitionValues":{},"size":958,"tags":{"INSERTION_TIME":"1663504698000003","OPTIMIZE_TARGET_SIZE":"268435456"}}}
{"remove":{"path":"part-00004-5bb8afd6-4ec3-4712-b372-385b8af56765-c000.snappy.parquet","deletionTimestamp":1663504708576,"dataChange":true,"extendedFileMetadata":true,"partitionValues":{},"size":938,"tags":{"INSERTION_TIME":"1663504698000004","OPTIMIZE_TARGET_SIZE":"268435456"}}}
{"remove":{"path":"part-00005-08829211-5623-4213-b0cb-e68f358e5ec6-c000.snappy.parquet","deletionTimestamp":1663504708576,"dataChange":true,"extendedFileMetadata":true,"partitionValues":{},"size":967,"tags":{"INSERTION_TIME":"1663504698000005","OPTIMIZE_TARGET_SIZE":"268435456"}}}
{"remove":{"path":"part-00006-27421c6c-b187-4c5c-a584-02e1dcccf758-c000.snappy.parquet","deletionTimestamp":1663504708576,"dataChange":true,"extendedFileMetadata":true,"partitionValues":{},"size":970,"tags":{"INSERTION_TIME":"1663504698000006","OPTIMIZE_TARGET_SIZE":"268435456"}}}
{"remove":{"path":"part-00007-ddb66b70-c471-4059-8d20-51ce946ebd0f-c000.snappy.parquet","deletionTimestamp":1663504708576,"dataChange":true,"extendedFileMetadata":true,"partitionValues":{},"size":934,"tags":{"INSERTION_TIME":"1663504698000007","OPTIMIZE_TARGET_SIZE":"268435456"}}}
{"commitInfo":{"timestamp":1663504708577,"userId":"8534114395324379","userName":"jramirez@iwco.co","operation":"WRITE","operationParameters":{"mode":"Overwrite","partitionBy":"[]"},"notebook":{"notebookId":"2332635609408757"},"clusterId":"0917-171652-htk1q29x","readVersion":16,"isolationLevel":"WriteSerializable","isBlindAppend":false,"operationMetrics":{"numFiles":"8","numOutputRows":"46","numOutputBytes":"7601"},"engineInfo":"Databricks-Runtime/10.4.x-scala2.12","txnId":"f7a16c9d-f915-4414-aa49-ba466e86c5ac"}}
