{"commitInfo":{"timestamp":1663463222612,"userId":"8534114395324379","userName":"jramirez@iwco.co","operation":"VACUUM START","operationParameters":{"retentionCheckEnabled":false,"specifiedRetentionMillis":0,"defaultRetentionMillis":604800000},"notebook":{"notebookId":"2332635609408757"},"clusterId":"0917-171652-htk1q29x","readVersion":3,"isolationLevel":"SnapshotIsolation","isBlindAppend":true,"operationMetrics":{"numFilesToDelete":"16"},"engineInfo":"Databricks-Runtime/10.4.x-scala2.12","txnId":"8096cedf-3e1f-4482-b7e6-0a0f3e5cc197"}}
