{"protocol":{"minReaderVersion":1,"minWriterVersion":2}}
{"metaData":{"id":"52ba580d-f857-481d-b218-7fe4f478645e","format":{"provider":"parquet","options":{}},"schemaString":"{\"type\":\"struct\",\"fields\":[{\"name\":\"Id_Genero\",\"type\":\"long\",\"nullable\":true,\"metadata\":{}},{\"name\":\"Genero\",\"type\":\"string\",\"nullable\":true,\"metadata\":{}}]}","partitionColumns":[],"configuration":{},"createdTime":1663462896380}}
{"commitInfo":{"timestamp":1663462897214,"userId":"8534114395324379","userName":"jramirez@iwco.co","operation":"WRITE","operationParameters":{"mode":"Overwrite","partitionBy":"[]"},"notebook":{"notebookId":"580977330729499"},"clusterId":"0917-171652-htk1q29x","isolationLevel":"WriteSerializable","isBlindAppend":false,"operationMetrics":{"numFiles":"0","numOutputRows":"0","numOutputBytes":"0"},"engineInfo":"Databricks-Runtime/10.4.x-scala2.12","txnId":"2f24974e-ccc2-4b3a-84fa-87ec6c58b8c0"}}
