{"add":{"path":"part-00000-2288e538-cd25-4a87-9056-305cf0c2d479-c000.snappy.parquet","partitionValues":{},"size":930,"modificationTime":1663463248000,"dataChange":true,"stats":"{\"numRecords\":5,\"minValues\":{\"Id_Genero\":1,\"Genero\":\"ACTION\"},\"maxValues\":{\"Id_Genero\":5,\"Genero\":\"ROMANCE\"},\"nullCount\":{\"Id_Genero\":0,\"Genero\":0}}","tags":{"INSERTION_TIME":"1663463248000000","OPTIMIZE_TARGET_SIZE":"268435456"}}}
{"add":{"path":"part-00001-a2f214b2-46a1-41db-9ed6-f80cfa6e2aa7-c000.snappy.parquet","partitionValues":{},"size":951,"modificationTime":1663463250000,"dataChange":true,"stats":"{\"numRecords\":6,\"minValues\":{\"Id_Genero\":6,\"Genero\":\"ADVENTURE\"},\"maxValues\":{\"Id_Genero\":11,\"Genero\":\"SPORTS\"},\"nullCount\":{\"Id_Genero\":0,\"Genero\":0}}","tags":{"INSERTION_TIME":"1663463248000001","OPTIMIZE_TARGET_SIZE":"268435456"}}}
{"add":{"path":"part-00002-97ad2882-03cd-403e-808b-53ccbfae6d48-c000.snappy.parquet","partitionValues":{},"size":953,"modificationTime":1663463249000,"dataChange":true,"stats":"{\"numRecords\":6,\"minValues\":{\"Id_Genero\":12,\"Genero\":\"CHILDREN\"},\"maxValues\":{\"Id_Genero\":17,\"Genero\":\"WAR\"},\"nullCount\":{\"Id_Genero\":0,\"Genero\":0}}","tags":{"INSERTION_TIME":"1663463248000002","OPTIMIZE_TARGET_SIZE":"268435456"}}}
{"add":{"path":"part-00003-56eb6052-4af6-45fd-a6a6-a96f3ad7d4f7-c000.snappy.parquet","partitionValues":{},"size":958,"modificationTime":1663463249000,"dataChange":true,"stats":"{\"numRecords\":6,\"minValues\":{\"Id_Genero\":18,\"Genero\":\" ADVENTURE\"},\"maxValues\":{\"Id_Genero\":23,\"Genero\":\"MYSTERY\"},\"nullCount\":{\"Id_Genero\":0,\"Genero\":0}}","tags":{"INSERTION_TIME":"1663463248000003","OPTIMIZE_TARGET_SIZE":"268435456"}}}
{"add":{"path":"part-00004-cda4db7c-d46f-4e43-8961-f1460112a6cc-c000.snappy.parquet","partitionValues":{},"size":938,"modificationTime":1663463248000,"dataChange":true,"stats":"{\"numRecords\":5,\"minValues\":{\"Id_Genero\":24,\"Genero\":\" ACTION\"},\"maxValues\":{\"Id_Genero\":28,\"Genero\":\" ROMANCE\"},\"nullCount\":{\"Id_Genero\":0,\"Genero\":0}}","tags":{"INSERTION_TIME":"1663463248000004","OPTIMIZE_TARGET_SIZE":"268435456"}}}
{"add":{"path":"part-00005-6c63d2c7-da25-4d2b-be5e-7720aff4d5d2-c000.snappy.parquet","partitionValues":{},"size":967,"modificationTime":1663463249000,"dataChange":true,"stats":"{\"numRecords\":6,\"minValues\":{\"Id_Genero\":29,\"Genero\":\" COMEDY\"},\"maxValues\":{\"Id_Genero\":34,\"Genero\":\" THRILLER\"},\"nullCount\":{\"Id_Genero\":0,\"Genero\":0}}","tags":{"INSERTION_TIME":"1663463248000005","OPTIMIZE_TARGET_SIZE":"268435456"}}}
{"add":{"path":"part-00006-0260f94a-3903-4493-8d78-e55fd34082d9-c000.snappy.parquet","partitionValues":{},"size":970,"modificationTime":1663463248000,"dataChange":true,"stats":"{\"numRecords\":6,\"minValues\":{\"Id_Genero\":35,\"Genero\":\" FAMILY\"},\"maxValues\":{\"Id_Genero\":40,\"Genero\":\" SUPERNATURAL\"},\"nullCount\":{\"Id_Genero\":0,\"Genero\":0}}","tags":{"INSERTION_TIME":"1663463248000006","OPTIMIZE_TARGET_SIZE":"268435456"}}}
{"add":{"path":"part-00007-216f773c-8765-4ca2-b200-5ff08eb56152-c000.snappy.parquet","partitionValues":{},"size":934,"modificationTime":1663463248000,"dataChange":true,"stats":"{\"numRecords\":6,\"minValues\":{\"Id_Genero\":41,\"Genero\":\" ADULT\"},\"maxValues\":{\"Id_Genero\":46,\"Genero\":\" WAR\"},\"nullCount\":{\"Id_Genero\":0,\"Genero\":0}}","tags":{"INSERTION_TIME":"1663463248000007","OPTIMIZE_TARGET_SIZE":"268435456"}}}
{"remove":{"path":"part-00000-733f58da-46ab-4ee0-a61b-7389138e9574-c000.snappy.parquet","deletionTimestamp":1663463250384,"dataChange":true,"extendedFileMetadata":true,"partitionValues":{},"size":930,"tags":{"INSERTION_TIME":"1663463244000000","OPTIMIZE_TARGET_SIZE":"268435456"}}}
{"remove":{"path":"part-00001-677d0ea2-815a-4212-9ac8-a63a88c563cf-c000.snappy.parquet","deletionTimestamp":1663463250384,"dataChange":true,"extendedFileMetadata":true,"partitionValues":{},"size":951,"tags":{"INSERTION_TIME":"1663463244000001","OPTIMIZE_TARGET_SIZE":"268435456"}}}
{"remove":{"path":"part-00002-031de96e-b18c-4db0-87d8-ebf90497ee70-c000.snappy.parquet","deletionTimestamp":1663463250384,"dataChange":true,"extendedFileMetadata":true,"partitionValues":{},"size":953,"tags":{"INSERTION_TIME":"1663463244000002","OPTIMIZE_TARGET_SIZE":"268435456"}}}
{"remove":{"path":"part-00003-578a8b4f-9a0e-48d4-89ad-4034336d993a-c000.snappy.parquet","deletionTimestamp":1663463250384,"dataChange":true,"extendedFileMetadata":true,"partitionValues":{},"size":958,"tags":{"INSERTION_TIME":"1663463244000003","OPTIMIZE_TARGET_SIZE":"268435456"}}}
{"remove":{"path":"part-00004-edd765e3-17eb-4730-b03a-1c7ea40bbda1-c000.snappy.parquet","deletionTimestamp":1663463250384,"dataChange":true,"extendedFileMetadata":true,"partitionValues":{},"size":938,"tags":{"INSERTION_TIME":"1663463244000004","OPTIMIZE_TARGET_SIZE":"268435456"}}}
{"remove":{"path":"part-00005-d76ba94a-efc1-4987-8ce1-2059ca562339-c000.snappy.parquet","deletionTimestamp":1663463250384,"dataChange":true,"extendedFileMetadata":true,"partitionValues":{},"size":967,"tags":{"INSERTION_TIME":"1663463244000005","OPTIMIZE_TARGET_SIZE":"268435456"}}}
{"remove":{"path":"part-00006-d29a7608-2aea-49af-859c-d6afcabeadb2-c000.snappy.parquet","deletionTimestamp":1663463250384,"dataChange":true,"extendedFileMetadata":true,"partitionValues":{},"size":970,"tags":{"INSERTION_TIME":"1663463244000006","OPTIMIZE_TARGET_SIZE":"268435456"}}}
{"remove":{"path":"part-00007-b6bbae1f-2ab6-482e-bf89-2f5b7e513bbe-c000.snappy.parquet","deletionTimestamp":1663463250384,"dataChange":true,"extendedFileMetadata":true,"partitionValues":{},"size":934,"tags":{"INSERTION_TIME":"1663463244000007","OPTIMIZE_TARGET_SIZE":"268435456"}}}
{"commitInfo":{"timestamp":1663463250385,"userId":"8534114395324379","userName":"jramirez@iwco.co","operation":"WRITE","operationParameters":{"mode":"Overwrite","partitionBy":"[]"},"notebook":{"notebookId":"2332635609408757"},"clusterId":"0917-171652-htk1q29x","readVersion":6,"isolationLevel":"WriteSerializable","isBlindAppend":false,"operationMetrics":{"numFiles":"8","numOutputRows":"46","numOutputBytes":"7601"},"engineInfo":"Databricks-Runtime/10.4.x-scala2.12","txnId":"75acee42-b441-4cb3-baa1-c8cf352bffd7"}}
