﻿Date;Day;DayName;WeekDayNum;Quarter;Year;Year_half;MonthNum;MonthLong;Month;MonthYear;MonthYearLong;Week of Month;Day Name;Day of Week
1-dic-20;1;Tuesday;1;4;2020;2;12;December;Dec;Dec-20;December-2020;1;martes;2
2-dic-20;2;Wednesday;2;4;2020;2;12;December;Dec;Dec-20;December-2020;1;miércoles;3
3-dic-20;3;Thursday;3;4;2020;2;12;December;Dec;Dec-20;December-2020;1;jueves;4
4-dic-20;4;Friday;4;4;2020;2;12;December;Dec;Dec-20;December-2020;1;viernes;5
5-dic-20;5;Saturday;5;4;2020;2;12;December;Dec;Dec-20;December-2020;1;sábado;6
6-dic-20;6;Sunday;6;4;2020;2;12;December;Dec;Dec-20;December-2020;2;domingo;0
7-dic-20;7;Monday;0;4;2020;2;12;December;Dec;Dec-20;December-2020;2;lunes;1
8-dic-20;8;Tuesday;1;4;2020;2;12;December;Dec;Dec-20;December-2020;2;martes;2
9-dic-20;9;Wednesday;2;4;2020;2;12;December;Dec;Dec-20;December-2020;2;miércoles;3
10-dic-20;10;Thursday;3;4;2020;2;12;December;Dec;Dec-20;December-2020;2;jueves;4
11-dic-20;11;Friday;4;4;2020;2;12;December;Dec;Dec-20;December-2020;2;viernes;5
12-dic-20;12;Saturday;5;4;2020;2;12;December;Dec;Dec-20;December-2020;2;sábado;6
13-dic-20;13;Sunday;6;4;2020;2;12;December;Dec;Dec-20;December-2020;3;domingo;0
14-dic-20;14;Monday;0;4;2020;2;12;December;Dec;Dec-20;December-2020;3;lunes;1
15-dic-20;15;Tuesday;1;4;2020;2;12;December;Dec;Dec-20;December-2020;3;martes;2
16-dic-20;16;Wednesday;2;4;2020;2;12;December;Dec;Dec-20;December-2020;3;miércoles;3
17-dic-20;17;Thursday;3;4;2020;2;12;December;Dec;Dec-20;December-2020;3;jueves;4
18-dic-20;18;Friday;4;4;2020;2;12;December;Dec;Dec-20;December-2020;3;viernes;5
19-dic-20;19;Saturday;5;4;2020;2;12;December;Dec;Dec-20;December-2020;3;sábado;6
20-dic-20;20;Sunday;6;4;2020;2;12;December;Dec;Dec-20;December-2020;4;domingo;0
21-dic-20;21;Monday;0;4;2020;2;12;December;Dec;Dec-20;December-2020;4;lunes;1
22-dic-20;22;Tuesday;1;4;2020;2;12;December;Dec;Dec-20;December-2020;4;martes;2
23-dic-20;23;Wednesday;2;4;2020;2;12;December;Dec;Dec-20;December-2020;4;miércoles;3
24-dic-20;24;Thursday;3;4;2020;2;12;December;Dec;Dec-20;December-2020;4;jueves;4
25-dic-20;25;Friday;4;4;2020;2;12;December;Dec;Dec-20;December-2020;4;viernes;5
26-dic-20;26;Saturday;5;4;2020;2;12;December;Dec;Dec-20;December-2020;4;sábado;6
27-dic-20;27;Sunday;6;4;2020;2;12;December;Dec;Dec-20;December-2020;5;domingo;0
28-dic-20;28;Monday;0;4;2020;2;12;December;Dec;Dec-20;December-2020;5;lunes;1
29-dic-20;29;Tuesday;1;4;2020;2;12;December;Dec;Dec-20;December-2020;5;martes;2
30-dic-20;30;Wednesday;2;4;2020;2;12;December;Dec;Dec-20;December-2020;5;miércoles;3
31-dic-20;31;Thursday;3;4;2020;2;12;December;Dec;Dec-20;December-2020;5;jueves;4
