{"commitInfo":{"timestamp":1663466142721,"userId":"8534114395324379","userName":"jramirez@iwco.co","operation":"VACUUM START","operationParameters":{"retentionCheckEnabled":false,"specifiedRetentionMillis":0,"defaultRetentionMillis":604800000},"notebook":{"notebookId":"2332635609408786"},"clusterId":"0917-171652-htk1q29x","readVersion":2,"isolationLevel":"SnapshotIsolation","isBlindAppend":true,"operationMetrics":{"numFilesToDelete":"8"},"engineInfo":"Databricks-Runtime/10.4.x-scala2.12","txnId":"6b1e0c21-3e9b-4024-9a7e-0adf7d6b9174"}}
