{"remove":{"path":"part-00000-4964d72e-4ebe-440c-9121-b8ca0219a251-c000.snappy.parquet","deletionTimestamp":1663502196989,"dataChange":true,"extendedFileMetadata":true,"partitionValues":{},"size":12650,"tags":{"INSERTION_TIME":"1663466228000000","OPTIMIZE_TARGET_SIZE":"268435456"}}}
{"remove":{"path":"part-00001-cefee988-f848-42b6-82b4-7b2396626579-c000.snappy.parquet","deletionTimestamp":1663502196990,"dataChange":true,"extendedFileMetadata":true,"partitionValues":{},"size":13078,"tags":{"INSERTION_TIME":"1663466228000001","OPTIMIZE_TARGET_SIZE":"268435456"}}}
{"remove":{"path":"part-00002-c27c00c0-9e42-4139-a6e5-1ac4f58e22dd-c000.snappy.parquet","deletionTimestamp":1663502196990,"dataChange":true,"extendedFileMetadata":true,"partitionValues":{},"size":12785,"tags":{"INSERTION_TIME":"1663466228000002","OPTIMIZE_TARGET_SIZE":"268435456"}}}
{"remove":{"path":"part-00003-21a833c0-bf3c-4adb-b230-f8a221b7b799-c000.snappy.parquet","deletionTimestamp":1663502196990,"dataChange":true,"extendedFileMetadata":true,"partitionValues":{},"size":13455,"tags":{"INSERTION_TIME":"1663466228000003","OPTIMIZE_TARGET_SIZE":"268435456"}}}
{"remove":{"path":"part-00004-25157eb1-356c-4f27-9f8d-9aabcc788768-c000.snappy.parquet","deletionTimestamp":1663502196990,"dataChange":true,"extendedFileMetadata":true,"partitionValues":{},"size":12990,"tags":{"INSERTION_TIME":"1663466228000004","OPTIMIZE_TARGET_SIZE":"268435456"}}}
{"remove":{"path":"part-00005-4ffe3c5b-0780-47a3-90ec-412b913acafc-c000.snappy.parquet","deletionTimestamp":1663502196990,"dataChange":true,"extendedFileMetadata":true,"partitionValues":{},"size":12966,"tags":{"INSERTION_TIME":"1663466228000005","OPTIMIZE_TARGET_SIZE":"268435456"}}}
{"remove":{"path":"part-00006-5df5c3c3-b075-4f36-9091-51db100dcc31-c000.snappy.parquet","deletionTimestamp":1663502196990,"dataChange":true,"extendedFileMetadata":true,"partitionValues":{},"size":12635,"tags":{"INSERTION_TIME":"1663466228000006","OPTIMIZE_TARGET_SIZE":"268435456"}}}
{"remove":{"path":"part-00007-6c06f7c0-aae5-4593-808c-b421aed5627d-c000.snappy.parquet","deletionTimestamp":1663502196990,"dataChange":true,"extendedFileMetadata":true,"partitionValues":{},"size":13059,"tags":{"INSERTION_TIME":"1663466228000007","OPTIMIZE_TARGET_SIZE":"268435456"}}}
{"commitInfo":{"timestamp":1663502196990,"userId":"8534114395324379","userName":"jramirez@iwco.co","operation":"WRITE","operationParameters":{"mode":"Overwrite","partitionBy":"[]"},"notebook":{"notebookId":"580977330729499"},"clusterId":"0917-171652-htk1q29x","readVersion":8,"isolationLevel":"WriteSerializable","isBlindAppend":false,"operationMetrics":{"numFiles":"0","numOutputRows":"0","numOutputBytes":"0"},"engineInfo":"Databricks-Runtime/10.4.x-scala2.12","txnId":"39c7e3ca-d76e-47f5-957a-bd0c67441396"}}
