{"protocol":{"minReaderVersion":1,"minWriterVersion":2}}
{"metaData":{"id":"e9aa6fb1-8c33-4def-bb71-6d98d5d2f6fd","format":{"provider":"parquet","options":{}},"schemaString":"{\"type\":\"struct\",\"fields\":[{\"name\":\"embedded_show_id\",\"type\":\"long\",\"nullable\":true,\"metadata\":{}},{\"name\":\"embedded_show_url\",\"type\":\"string\",\"nullable\":true,\"metadata\":{}},{\"name\":\"embedded_show_name\",\"type\":\"string\",\"nullable\":true,\"metadata\":{}},{\"name\":\"embedded_show_type\",\"type\":\"string\",\"nullable\":true,\"metadata\":{}},{\"name\":\"embedded_show_language\",\"type\":\"string\",\"nullable\":true,\"metadata\":{}},{\"name\":\"embedded_show_status\",\"type\":\"string\",\"nullable\":true,\"metadata\":{}},{\"name\":\"embedded_show_runtime\",\"type\":\"double\",\"nullable\":true,\"metadata\":{}},{\"name\":\"embedded_show_officialSite\",\"type\":\"string\",\"nullable\":true,\"metadata\":{}},{\"name\":\"embedded_show_schedule_time\",\"type\":\"string\",\"nullable\":true,\"metadata\":{}},{\"name\":\"embedded_show_weight\",\"type\":\"long\",\"nullable\":true,\"metadata\":{}},{\"name\":\"embedded_show_network\",\"type\":\"double\",\"nullable\":true,\"metadata\":{}},{\"name\":\"embedded_show_premiered\",\"type\":\"timestamp\",\"nullable\":true,\"metadata\":{}},{\"name\":\"embedded_show_ended\",\"type\":\"timestamp\",\"nullable\":true,\"metadata\":{}},{\"name\":\"embedded_show_rating_average\",\"type\":\"double\",\"nullable\":true,\"metadata\":{}}]}","partitionColumns":[],"configuration":{},"createdTime":1663465378582}}
{"commitInfo":{"timestamp":1663465379558,"userId":"8534114395324379","userName":"jramirez@iwco.co","operation":"WRITE","operationParameters":{"mode":"Overwrite","partitionBy":"[]"},"notebook":{"notebookId":"580977330729499"},"clusterId":"0917-171652-htk1q29x","isolationLevel":"WriteSerializable","isBlindAppend":false,"operationMetrics":{"numFiles":"0","numOutputRows":"0","numOutputBytes":"0"},"engineInfo":"Databricks-Runtime/10.4.x-scala2.12","txnId":"ca256cd9-ebd7-4028-9dc8-0e33c871d3be"}}
