{"remove":{"path":"part-00000-59cb9660-c948-4e99-a362-a7beeefc5c49-c000.snappy.parquet","deletionTimestamp":1663506111998,"dataChange":true,"extendedFileMetadata":true,"partitionValues":{},"size":12650,"tags":{"INSERTION_TIME":"1663504711000000","OPTIMIZE_TARGET_SIZE":"268435456"}}}
{"remove":{"path":"part-00001-d272b487-da53-46bd-a4cf-37fc4a1d4397-c000.snappy.parquet","deletionTimestamp":1663506111998,"dataChange":true,"extendedFileMetadata":true,"partitionValues":{},"size":13078,"tags":{"INSERTION_TIME":"1663504711000001","OPTIMIZE_TARGET_SIZE":"268435456"}}}
{"remove":{"path":"part-00002-979a3331-7cda-4e6b-b7aa-20a10019b36f-c000.snappy.parquet","deletionTimestamp":1663506111998,"dataChange":true,"extendedFileMetadata":true,"partitionValues":{},"size":12785,"tags":{"INSERTION_TIME":"1663504711000002","OPTIMIZE_TARGET_SIZE":"268435456"}}}
{"remove":{"path":"part-00003-e6b55ebd-9352-4b6f-aef4-ee063255adf8-c000.snappy.parquet","deletionTimestamp":1663506111998,"dataChange":true,"extendedFileMetadata":true,"partitionValues":{},"size":13455,"tags":{"INSERTION_TIME":"1663504711000003","OPTIMIZE_TARGET_SIZE":"268435456"}}}
{"remove":{"path":"part-00004-94172747-3ef2-428a-91c7-ba3c60ad80d2-c000.snappy.parquet","deletionTimestamp":1663506111998,"dataChange":true,"extendedFileMetadata":true,"partitionValues":{},"size":12990,"tags":{"INSERTION_TIME":"1663504711000004","OPTIMIZE_TARGET_SIZE":"268435456"}}}
{"remove":{"path":"part-00005-b068b552-8f23-4c38-a745-a615029e077d-c000.snappy.parquet","deletionTimestamp":1663506111998,"dataChange":true,"extendedFileMetadata":true,"partitionValues":{},"size":12966,"tags":{"INSERTION_TIME":"1663504711000005","OPTIMIZE_TARGET_SIZE":"268435456"}}}
{"remove":{"path":"part-00006-21bdc470-748a-40d6-8534-3f867fa5ef48-c000.snappy.parquet","deletionTimestamp":1663506111998,"dataChange":true,"extendedFileMetadata":true,"partitionValues":{},"size":12635,"tags":{"INSERTION_TIME":"1663504711000006","OPTIMIZE_TARGET_SIZE":"268435456"}}}
{"remove":{"path":"part-00007-7e346804-58f7-4dc4-86c6-0d518b8c3ea1-c000.snappy.parquet","deletionTimestamp":1663506111998,"dataChange":true,"extendedFileMetadata":true,"partitionValues":{},"size":13059,"tags":{"INSERTION_TIME":"1663504711000007","OPTIMIZE_TARGET_SIZE":"268435456"}}}
{"commitInfo":{"timestamp":1663506111998,"userId":"8534114395324379","userName":"jramirez@iwco.co","operation":"WRITE","operationParameters":{"mode":"Overwrite","partitionBy":"[]"},"notebook":{"notebookId":"580977330729499"},"clusterId":"0917-171652-htk1q29x","readVersion":18,"isolationLevel":"WriteSerializable","isBlindAppend":false,"operationMetrics":{"numFiles":"0","numOutputRows":"0","numOutputBytes":"0"},"engineInfo":"Databricks-Runtime/10.4.x-scala2.12","txnId":"1739166f-7062-4002-b737-2030f8127bd2"}}
