{"commitInfo":{"timestamp":1663504720646,"userId":"8534114395324379","userName":"jramirez@iwco.co","operation":"VACUUM START","operationParameters":{"retentionCheckEnabled":false,"specifiedRetentionMillis":0,"defaultRetentionMillis":604800000},"notebook":{"notebookId":"2332635609408786"},"clusterId":"0917-171652-htk1q29x","readVersion":16,"isolationLevel":"SnapshotIsolation","isBlindAppend":true,"operationMetrics":{"numFilesToDelete":"16"},"engineInfo":"Databricks-Runtime/10.4.x-scala2.12","txnId":"9edf6aba-926b-4f8f-9a84-c297325f32aa"}}
