[{"id": 1988862, "url": "https://www.tvmaze.com/episodes/1988862/sim-for-you-4x24-chanyeols-episode-24", "name": "Chanyeol's Episode 24", "season": 4, "number": 24, "type": "regular", "airdate": "2020-12-19", "airtime": "06:00", "airstamp": "2020-12-18T21:00:00+00:00", "runtime": 16, "rating": {"average": null}, "image": null, "summary": "<p><b>#VacanceAlbumRelease #Thisistheend #(There'sacookie)</b></p>", "_links": {"self": {"href": "https://api.tvmaze.com/episodes/1988862"}}, "_embedded": {"show": {"id": 41648, "url": "https://www.tvmaze.com/shows/41648/sim-for-you", "name": "Sim for You", "type": "Reality", "language": "Korean", "genres": [], "status": "Running", "runtime": 16, "averageRuntime": 16, "premiered": "2019-03-25", "ended": null, "officialSite": "https://www.vlive.tv/video/121637", "schedule": {"time": "", "days": ["Monday", "Wednesday", "Friday"]}, "rating": {"average": null}, "weight": 35, "network": null, "webChannel": {"id": 122, "name": "V LIVE", "country": {"name": "Korea, Republic of", "code": "KR", "timezone": "Asia/Seoul"}, "officialSite": "https://www.vlive.tv/home"}, "dvdCountry": null, "externals": {"tvrage": null, "thetvdb": 361541, "imdb": null}, "image": {"medium": "https://static.tvmaze.com/uploads/images/medium_portrait/190/476668.jpg", "original": "https://static.tvmaze.com/uploads/images/original_untouched/190/476668.jpg"}, "summary": "<p><b>Sim for You</b> is a reality series that chronicles each EXO member's life and reveal stories from their everyday life as a series.</p>", "updated": 1608499007, "_links": {"self": {"href": "https://api.tvmaze.com/shows/41648"}, "previousepisode": {"href": "https://api.tvmaze.com/episodes/1988862"}}}}}, {"id": 1989501, "url": "https://www.tvmaze.com/episodes/1989501/troe-iz-prostokvasino-2x39-papa-ne-goruj", "name": "\u041f\u0430\u043f\u0430, \u043d\u0435 \u0433\u043e\u0440\u044e\u0439", "season": 2, "number": 39, "type": "regular", "airdate": "2020-12-19", "airtime": "", "airstamp": "2020-12-19T00:00:00+00:00", "runtime": 19, "rating": {"average": null}, "image": {"medium": "https://static.tvmaze.com/uploads/images/medium_landscape/290/726419.jpg", "original": "https://static.tvmaze.com/uploads/images/original_untouched/290/726419.jpg"}, "summary": null, "_links": {"self": {"href": "https://api.tvmaze.com/episodes/1989501"}}, "_embedded": {"show": {"id": 10892, "url": "https://www.tvmaze.com/shows/10892/troe-iz-prostokvasino", "name": "\u0422\u0440\u043e\u0435 \u0438\u0437 \u041f\u0440\u043e\u0441\u0442\u043e\u043a\u0432\u0430\u0448\u0438\u043d\u043e", "type": "Animation", "language": "Russian", "genres": ["Children", "Family"], "status": "Running", "runtime": 7, "averageRuntime": 14, "premiered": "1978-06-10", "ended": null, "officialSite": "https://okko.tv/serial/prostokvashino", "schedule": {"time": "12:00", "days": []}, "rating": {"average": 7.5}, "weight": 81, "network": null, "webChannel": {"id": 366, "name": "Okko", "country": {"name": "Russian Federation", "code": "RU", "timezone": "Asia/Kamchatka"}, "officialSite": null}, "dvdCountry": null, "externals": {"tvrage": null, "thetvdb": 255564, "imdb": null}, "image": {"medium": "https://static.tvmaze.com/uploads/images/medium_portrait/51/128137.jpg", "original": "https://static.tvmaze.com/uploads/images/original_untouched/51/128137.jpg"}, "summary": null, "updated": 1662063139, "_links": {"self": {"href": "https://api.tvmaze.com/shows/10892"}, "previousepisode": {"href": "https://api.tvmaze.com/episodes/2382770"}}}}}, {"id": 1989503, "url": "https://www.tvmaze.com/episodes/1989503/troe-iz-prostokvasino-2x40-sneznyj-labirint", "name": "\u0421\u043d\u0435\u0436\u043d\u044b\u0439 \u043b\u0430\u0431\u0438\u0440\u0438\u043d\u0442", "season": 2, "number": 40, "type": "regular", "airdate": "2020-12-19", "airtime": "", "airstamp": "2020-12-19T00:00:00+00:00", "runtime": 19, "rating": {"average": null}, "image": {"medium": "https://static.tvmaze.com/uploads/images/medium_landscape/290/726420.jpg", "original": "https://static.tvmaze.com/uploads/images/original_untouched/290/726420.jpg"}, "summary": null, "_links": {"self": {"href": "https://api.tvmaze.com/episodes/1989503"}}, "_embedded": {"show": {"id": 10892, "url": "https://www.tvmaze.com/shows/10892/troe-iz-prostokvasino", "name": "\u0422\u0440\u043e\u0435 \u0438\u0437 \u041f\u0440\u043e\u0441\u0442\u043e\u043a\u0432\u0430\u0448\u0438\u043d\u043e", "type": "Animation", "language": "Russian", "genres": ["Children", "Family"], "status": "Running", "runtime": 7, "averageRuntime": 14, "premiered": "1978-06-10", "ended": null, "officialSite": "https://okko.tv/serial/prostokvashino", "schedule": {"time": "12:00", "days": []}, "rating": {"average": 7.5}, "weight": 81, "network": null, "webChannel": {"id": 366, "name": "Okko", "country": {"name": "Russian Federation", "code": "RU", "timezone": "Asia/Kamchatka"}, "officialSite": null}, "dvdCountry": null, "externals": {"tvrage": null, "thetvdb": 255564, "imdb": null}, "image": {"medium": "https://static.tvmaze.com/uploads/images/medium_portrait/51/128137.jpg", "original": "https://static.tvmaze.com/uploads/images/original_untouched/51/128137.jpg"}, "summary": null, "updated": 1662063139, "_links": {"self": {"href": "https://api.tvmaze.com/shows/10892"}, "previousepisode": {"href": "https://api.tvmaze.com/episodes/2382770"}}}}}, {"id": 1988697, "url": "https://www.tvmaze.com/episodes/1988697/soul-land-7x05-di135ji", "name": "\u7b2c135\u96c6", "season": 7, "number": 5, "type": "regular", "airdate": "2020-12-19", "airtime": "10:00", "airstamp": "2020-12-19T02:00:00+00:00", "runtime": 20, "rating": {"average": null}, "image": null, "summary": null, "_links": {"self": {"href": "https://api.tvmaze.com/episodes/1988697"}}, "_embedded": {"show": {"id": 35551, "url": "https://www.tvmaze.com/shows/35551/soul-land", "name": "Soul Land", "type": "Animation", "language": "Chinese", "genres": ["Action", "Adventure", "Anime", "Fantasy"], "status": "Running", "runtime": 20, "averageRuntime": 20, "premiered": "2018-01-13", "ended": null, "officialSite": "https://v.qq.com/detail/m/m441e3rjq9kwpsc.html", "schedule": {"time": "10:00", "days": ["Saturday"]}, "rating": {"average": 7.7}, "weight": 89, "network": null, "webChannel": {"id": 104, "name": "Tencent QQ", "country": {"name": "China", "code": "CN", "timezone": "Asia/Shanghai"}, "officialSite": "https://v.qq.com/"}, "dvdCountry": null, "externals": {"tvrage": null, "thetvdb": 342329, "imdb": null}, "image": {"medium": "https://static.tvmaze.com/uploads/images/medium_portrait/150/375304.jpg", "original": "https://static.tvmaze.com/uploads/images/original_untouched/150/375304.jpg"}, "summary": "<p>Tang San spent his life in the Tang Outer Sect, dedicated to the creation and mastery of hidden weapons. Once he stole the secret lore of the Inner Sect to reach the pinnacle of his art, his only way out was death. But after throwing himself off the deadly Hell's Peak he was reborn in a different world, the world of Douluo Dalu, a world where every person has a spirit of their own, and those with powerful spirits can practice their spirit power to rise and become Spirit Masters.<br /><br />The spirit that awakens within Tang San is Blue Silver Grass, a useless spirit. Can he overcome the difficulties to reach the high ranks of Spirit Masters and bring the glory of the Tang Sect into this new world?</p>", "updated": 1652939782, "_links": {"self": {"href": "https://api.tvmaze.com/shows/35551"}, "previousepisode": {"href": "https://api.tvmaze.com/episodes/2330395"}, "nextepisode": {"href": "https://api.tvmaze.com/episodes/2330396"}}}}}, {"id": 2386108, "url": "https://www.tvmaze.com/episodes/2386108/xian-feng-jian-yu-lu-1x49-episode-49", "name": "Episode 49", "season": 1, "number": 49, "type": "regular", "airdate": "2020-12-19", "airtime": "10:00", "airstamp": "2020-12-19T02:00:00+00:00", "runtime": 8, "rating": {"average": null}, "image": null, "summary": null, "_links": {"self": {"href": "https://api.tvmaze.com/episodes/2386108"}}, "_embedded": {"show": {"id": 49206, "url": "https://www.tvmaze.com/shows/49206/xian-feng-jian-yu-lu", "name": "Xian Feng Jian Yu Lu", "type": "Animation", "language": "Chinese", "genres": ["Action", "Anime", "Fantasy", "Supernatural"], "status": "Running", "runtime": 8, "averageRuntime": 7, "premiered": "2020-07-11", "ended": null, "officialSite": "https://v.qq.com/detail/m/mzc00200hc38s5x.html", "schedule": {"time": "10:00", "days": ["Wednesday", "Saturday"]}, "rating": {"average": null}, "weight": 48, "network": null, "webChannel": {"id": 104, "name": "Tencent QQ", "country": {"name": "China", "code": "CN", "timezone": "Asia/Shanghai"}, "officialSite": "https://v.qq.com/"}, "dvdCountry": null, "externals": {"tvrage": null, "thetvdb": 386423, "imdb": null}, "image": {"medium": "https://static.tvmaze.com/uploads/images/medium_portrait/270/675333.jpg", "original": "https://static.tvmaze.com/uploads/images/original_untouched/270/675333.jpg"}, "summary": "<p>In ancient Shenzhou, humans and demons had been in constant dispute for thousands of years. The demon princess from Tushan, Bai Binglan, and the human Zhang Kuangyun met each other due to a misunderstanding. In order to investigate the enemy country, Bai Binglan became Zhang Kuangyun's companion. As they travel together, Zhang Kuangyun discovers a conspiracy...</p>", "updated": 1662275668, "_links": {"self": {"href": "https://api.tvmaze.com/shows/49206"}, "previousepisode": {"href": "https://api.tvmaze.com/episodes/2386129"}}}}}, {"id": 2138926, "url": "https://www.tvmaze.com/episodes/2138926/tokyo-joshi-pro-wrestling-2020-12-19-tjpw-seno-merry-christmas-2020", "name": "TJPW Se~No Merry Christmas! 2020", "season": 2020, "number": 44, "type": "regular", "airdate": "2020-12-19", "airtime": "12:00", "airstamp": "2020-12-19T03:00:00+00:00", "runtime": 120, "rating": {"average": null}, "image": null, "summary": null, "_links": {"self": {"href": "https://api.tvmaze.com/episodes/2138926"}}, "_embedded": {"show": {"id": 49740, "url": "https://www.tvmaze.com/shows/49740/tokyo-joshi-pro-wrestling", "name": "Tokyo Joshi Pro Wrestling", "type": "Sports", "language": "Japanese", "genres": [], "status": "Running", "runtime": 120, "averageRuntime": 120, "premiered": "2013-01-30", "ended": null, "officialSite": "https://www.ddtpro.com/", "schedule": {"time": "12:00", "days": ["Saturday"]}, "rating": {"average": null}, "weight": 17, "network": null, "webChannel": {"id": 408, "name": "DDTUniverse", "country": {"name": "Japan", "code": "JP", "timezone": "Asia/Tokyo"}, "officialSite": null}, "dvdCountry": null, "externals": {"tvrage": null, "thetvdb": 375304, "imdb": "tt10784214"}, "image": {"medium": "https://static.tvmaze.com/uploads/images/medium_portrait/268/670796.jpg", "original": "https://static.tvmaze.com/uploads/images/original_untouched/268/670796.jpg"}, "summary": null, "updated": 1661106712, "_links": {"self": {"href": "https://api.tvmaze.com/shows/49740"}, "previousepisode": {"href": "https://api.tvmaze.com/episodes/2377379"}, "nextepisode": {"href": "https://api.tvmaze.com/episodes/2377380"}}}}}, {"id": 1962058, "url": "https://www.tvmaze.com/episodes/1962058/heaven-officials-blessing-1x09-evil-taoist-scourge", "name": "Evil Taoist Scourge", "season": 1, "number": 9, "type": "regular", "airdate": "2020-12-19", "airtime": "11:00", "airstamp": "2020-12-19T03:00:00+00:00", "runtime": 25, "rating": {"average": null}, "image": null, "summary": null, "_links": {"self": {"href": "https://api.tvmaze.com/episodes/1962058"}}, "_embedded": {"show": {"id": 51670, "url": "https://www.tvmaze.com/shows/51670/heaven-officials-blessing", "name": "Heaven Official's Blessing", "type": "Animation", "language": "Chinese", "genres": ["Drama", "Anime", "Fantasy", "Romance"], "status": "Running", "runtime": 25, "averageRuntime": 25, "premiered": "2020-10-31", "ended": null, "officialSite": "https://www.bilibili.com/tgcf", "schedule": {"time": "11:00", "days": ["Saturday"]}, "rating": {"average": 7.3}, "weight": 44, "network": null, "webChannel": {"id": 51, "name": "Bilibili", "country": {"name": "China", "code": "CN", "timezone": "Asia/Shanghai"}, "officialSite": null}, "dvdCountry": null, "externals": {"tvrage": null, "thetvdb": 388672, "imdb": "tt13375866"}, "image": {"medium": "https://static.tvmaze.com/uploads/images/medium_portrait/414/1036502.jpg", "original": "https://static.tvmaze.com/uploads/images/original_untouched/414/1036502.jpg"}, "summary": "<p>\"Have you heard? The rubbish Heaven Official is having an affair with the ghost realm's number one bigshot!\"</p><p>Eight hundred years ago, Xie Lian was the Crown Prince of the Xian Le kingdom; one who was beloved by his citizens and the darling of the world. Unsurprisingly, he ascended to the Heavens at a very young age. Now, eight hundred years later, Xie Lian ascends to the Heavens for the third time as the laughing stock of all three realms. On his first task as a god, he meets a mysterious demon who rules the ghosts and terrifies the Heavens... yet unbeknownst to Xie Lian, this demon king has been paying attention to him for a very, very long time.</p>", "updated": 1656761777, "_links": {"self": {"href": "https://api.tvmaze.com/shows/51670"}, "previousepisode": {"href": "https://api.tvmaze.com/episodes/1993891"}}}}}, {"id": 1972571, "url": "https://www.tvmaze.com/episodes/1972571/the-wolf-1x29-episode-29", "name": "Episode 29", "season": 1, "number": 29, "type": "regular", "airdate": "2020-12-19", "airtime": "", "airstamp": "2020-12-19T04:00:00+00:00", "runtime": 45, "rating": {"average": null}, "image": null, "summary": null, "_links": {"self": {"href": "https://api.tvmaze.com/episodes/1972571"}}, "_embedded": {"show": {"id": 47912, "url": "https://www.tvmaze.com/shows/47912/the-wolf", "name": "The Wolf", "type": "Scripted", "language": "Chinese", "genres": ["Drama", "Romance", "History"], "status": "Ended", "runtime": 45, "averageRuntime": 45, "premiered": "2020-11-19", "ended": "2021-01-04", "officialSite": "https://www.iqiyi.com/lib/m_213579814.html", "schedule": {"time": "", "days": []}, "rating": {"average": null}, "weight": 36, "network": null, "webChannel": {"id": 118, "name": "Youku", "country": {"name": "China", "code": "CN", "timezone": "Asia/Shanghai"}, "officialSite": null}, "dvdCountry": null, "externals": {"tvrage": null, "thetvdb": 331095, "imdb": "tt8871128"}, "image": {"medium": "https://static.tvmaze.com/uploads/images/medium_portrait/255/639532.jpg", "original": "https://static.tvmaze.com/uploads/images/original_untouched/255/639532.jpg"}, "summary": "<p>The story happens at the end of the Tang Dynasty, when Zhu Wen usurps the throne and establishes the Later Liang Dynasty, and he's known as Emperor Taizu. Ma Zhai Xing (Li Qin) is the daughter of an official and as a child, she befriends a young boy (Darren Wang) who lives in the mountain. One day when he saves a wolf, he accidentally falls over the cliff and is rescued by Zhu Wen. The authoritative figure adopts him as a godson and gives him the title Bo Wang. Ten years later, he saves the female lead per chance and finds her courage and intelligence resonant, and she likes that while he's in a position of power, he still has humility and kindness. She encourages him to fight for justice and he begins that journey by helping the people, stopping throne fights, etc. Even when they have conflicts, they will face those frankly. As they overcome obstacles and fight for justice, feelings deepen and they are able to reap their own happiness by each other's side.</p>", "updated": 1648217029, "_links": {"self": {"href": "https://api.tvmaze.com/shows/47912"}, "previousepisode": {"href": "https://api.tvmaze.com/episodes/1972591"}}}}}, {"id": 1972572, "url": "https://www.tvmaze.com/episodes/1972572/the-wolf-1x30-episode-30", "name": "Episode 30", "season": 1, "number": 30, "type": "regular", "airdate": "2020-12-19", "airtime": "", "airstamp": "2020-12-19T04:00:00+00:00", "runtime": 45, "rating": {"average": null}, "image": null, "summary": null, "_links": {"self": {"href": "https://api.tvmaze.com/episodes/1972572"}}, "_embedded": {"show": {"id": 47912, "url": "https://www.tvmaze.com/shows/47912/the-wolf", "name": "The Wolf", "type": "Scripted", "language": "Chinese", "genres": ["Drama", "Romance", "History"], "status": "Ended", "runtime": 45, "averageRuntime": 45, "premiered": "2020-11-19", "ended": "2021-01-04", "officialSite": "https://www.iqiyi.com/lib/m_213579814.html", "schedule": {"time": "", "days": []}, "rating": {"average": null}, "weight": 36, "network": null, "webChannel": {"id": 118, "name": "Youku", "country": {"name": "China", "code": "CN", "timezone": "Asia/Shanghai"}, "officialSite": null}, "dvdCountry": null, "externals": {"tvrage": null, "thetvdb": 331095, "imdb": "tt8871128"}, "image": {"medium": "https://static.tvmaze.com/uploads/images/medium_portrait/255/639532.jpg", "original": "https://static.tvmaze.com/uploads/images/original_untouched/255/639532.jpg"}, "summary": "<p>The story happens at the end of the Tang Dynasty, when Zhu Wen usurps the throne and establishes the Later Liang Dynasty, and he's known as Emperor Taizu. Ma Zhai Xing (Li Qin) is the daughter of an official and as a child, she befriends a young boy (Darren Wang) who lives in the mountain. One day when he saves a wolf, he accidentally falls over the cliff and is rescued by Zhu Wen. The authoritative figure adopts him as a godson and gives him the title Bo Wang. Ten years later, he saves the female lead per chance and finds her courage and intelligence resonant, and she likes that while he's in a position of power, he still has humility and kindness. She encourages him to fight for justice and he begins that journey by helping the people, stopping throne fights, etc. Even when they have conflicts, they will face those frankly. As they overcome obstacles and fight for justice, feelings deepen and they are able to reap their own happiness by each other's side.</p>", "updated": 1648217029, "_links": {"self": {"href": "https://api.tvmaze.com/shows/47912"}, "previousepisode": {"href": "https://api.tvmaze.com/episodes/1972591"}}}}}, {"id": 2071487, "url": "https://www.tvmaze.com/episodes/2071487/youths-in-the-breeze-1x17-full-time-sworn-enemy-01", "name": "FULL-TIME SWORN ENEMY #01", "season": 1, "number": 17, "type": "regular", "airdate": "2020-12-19", "airtime": "", "airstamp": "2020-12-19T04:00:00+00:00", "runtime": 7, "rating": {"average": null}, "image": null, "summary": null, "_links": {"self": {"href": "https://api.tvmaze.com/episodes/2071487"}}, "_embedded": {"show": {"id": 54762, "url": "https://www.tvmaze.com/shows/54762/youths-in-the-breeze", "name": "Youths in the Breeze", "type": "Scripted", "language": "Chinese", "genres": ["Drama", "Fantasy"], "status": "Ended", "runtime": 7, "averageRuntime": 7, "premiered": "2020-12-13", "ended": "2020-12-22", "officialSite": "https://v.youku.com/v_show/id_XNDk4OTUxMzg1Mg==.html?spm=a2hbt.13141534.0.13141534&s=6eefbfbd4befbfbd32ef", "schedule": {"time": "", "days": ["Monday", "Tuesday", "Wednesday", "Thursday", "Friday", "Saturday", "Sunday"]}, "rating": {"average": null}, "weight": 29, "network": null, "webChannel": {"id": 118, "name": "Youku", "country": {"name": "China", "code": "CN", "timezone": "Asia/Shanghai"}, "officialSite": null}, "dvdCountry": null, "externals": {"tvrage": null, "thetvdb": 397247, "imdb": null}, "image": {"medium": "https://static.tvmaze.com/uploads/images/medium_portrait/308/770106.jpg", "original": "https://static.tvmaze.com/uploads/images/original_untouched/308/770106.jpg"}, "summary": "<p>The play consists of three youth stories. \"He and Meow\": The cat Jiang Xiao Kui and his owner Jiang Qing from the cat kingdom live a happy life. Until Jiang Qing's younger brother Jiang Xia returned home. Xia, who was allergic to cats, and Jiang Xiao Kui, who hated his younger brother, started a battle over sister's favor. \"Full-time rival\": Xu Tian Yi and Li Shi Lin, who had been at odds for a long time, reunited during the summer sprint training. In the process of competing against each other, their misunderstanding was resolved. Just when the two worked together to enter the team, an accident happened. \"The Man in the Story\": Yu Sheng, a young man, accidentally discovered that he turned out to be a character in Xu Mo's novel. After learning about the tragic ending of himself and his sister, he came to the real world to fight with the writer in an attempt to change his destiny.</p><p><br />\u00a0</p>", "updated": 1618466682, "_links": {"self": {"href": "https://api.tvmaze.com/shows/54762"}, "previousepisode": {"href": "https://api.tvmaze.com/episodes/2071494"}}}}}, {"id": 2071488, "url": "https://www.tvmaze.com/episodes/2071488/youths-in-the-breeze-1x18-full-time-sworn-enemy-02", "name": "FULL-TIME SWORN ENEMY #02", "season": 1, "number": 18, "type": "regular", "airdate": "2020-12-19", "airtime": "", "airstamp": "2020-12-19T04:00:00+00:00", "runtime": 7, "rating": {"average": null}, "image": null, "summary": null, "_links": {"self": {"href": "https://api.tvmaze.com/episodes/2071488"}}, "_embedded": {"show": {"id": 54762, "url": "https://www.tvmaze.com/shows/54762/youths-in-the-breeze", "name": "Youths in the Breeze", "type": "Scripted", "language": "Chinese", "genres": ["Drama", "Fantasy"], "status": "Ended", "runtime": 7, "averageRuntime": 7, "premiered": "2020-12-13", "ended": "2020-12-22", "officialSite": "https://v.youku.com/v_show/id_XNDk4OTUxMzg1Mg==.html?spm=a2hbt.13141534.0.13141534&s=6eefbfbd4befbfbd32ef", "schedule": {"time": "", "days": ["Monday", "Tuesday", "Wednesday", "Thursday", "Friday", "Saturday", "Sunday"]}, "rating": {"average": null}, "weight": 29, "network": null, "webChannel": {"id": 118, "name": "Youku", "country": {"name": "China", "code": "CN", "timezone": "Asia/Shanghai"}, "officialSite": null}, "dvdCountry": null, "externals": {"tvrage": null, "thetvdb": 397247, "imdb": null}, "image": {"medium": "https://static.tvmaze.com/uploads/images/medium_portrait/308/770106.jpg", "original": "https://static.tvmaze.com/uploads/images/original_untouched/308/770106.jpg"}, "summary": "<p>The play consists of three youth stories. \"He and Meow\": The cat Jiang Xiao Kui and his owner Jiang Qing from the cat kingdom live a happy life. Until Jiang Qing's younger brother Jiang Xia returned home. Xia, who was allergic to cats, and Jiang Xiao Kui, who hated his younger brother, started a battle over sister's favor. \"Full-time rival\": Xu Tian Yi and Li Shi Lin, who had been at odds for a long time, reunited during the summer sprint training. In the process of competing against each other, their misunderstanding was resolved. Just when the two worked together to enter the team, an accident happened. \"The Man in the Story\": Yu Sheng, a young man, accidentally discovered that he turned out to be a character in Xu Mo's novel. After learning about the tragic ending of himself and his sister, he came to the real world to fight with the writer in an attempt to change his destiny.</p><p><br />\u00a0</p>", "updated": 1618466682, "_links": {"self": {"href": "https://api.tvmaze.com/shows/54762"}, "previousepisode": {"href": "https://api.tvmaze.com/episodes/2071494"}}}}}, {"id": 2113326, "url": "https://www.tvmaze.com/episodes/2113326/klassen-3x19-julefesten", "name": "Julefesten", "season": 3, "number": 19, "type": "regular", "airdate": "2020-12-19", "airtime": "05:00", "airstamp": "2020-12-19T04:00:00+00:00", "runtime": 15, "rating": {"average": null}, "image": null, "summary": null, "_links": {"self": {"href": "https://api.tvmaze.com/episodes/2113326"}}, "_embedded": {"show": {"id": 55919, "url": "https://www.tvmaze.com/shows/55919/klassen", "name": "Klassen", "type": "Scripted", "language": "Norwegian", "genres": ["Drama", "Comedy", "Children"], "status": "Running", "runtime": null, "averageRuntime": 11, "premiered": "2019-09-06", "ended": null, "officialSite": "https://tv.nrk.no/serie/klassen", "schedule": {"time": "", "days": ["Wednesday", "Saturday"]}, "rating": {"average": null}, "weight": 40, "network": null, "webChannel": {"id": 238, "name": "NRK TV", "country": {"name": "Norway", "code": "NO", "timezone": "Europe/Oslo"}, "officialSite": null}, "dvdCountry": null, "externals": {"tvrage": null, "thetvdb": 371744, "imdb": "tt10960302"}, "image": {"medium": "https://static.tvmaze.com/uploads/images/medium_portrait/329/823511.jpg", "original": "https://static.tvmaze.com/uploads/images/original_untouched/329/823511.jpg"}, "summary": "<p>Livet i klassen er som en berg- og dalbane av kj\u00e6rlighet, vennskap og samhold.</p>", "updated": 1660401747, "_links": {"self": {"href": "https://api.tvmaze.com/shows/55919"}, "previousepisode": {"href": "https://api.tvmaze.com/episodes/2373589"}, "nextepisode": {"href": "https://api.tvmaze.com/episodes/2373590"}}}}}, {"id": 1977327, "url": "https://www.tvmaze.com/episodes/1977327/stjernestov-1x19-episode-19", "name": "Episode 19", "season": 1, "number": 19, "type": "regular", "airdate": "2020-12-19", "airtime": "06:00", "airstamp": "2020-12-19T05:00:00+00:00", "runtime": 20, "rating": {"average": null}, "image": {"medium": "https://static.tvmaze.com/uploads/images/medium_landscape/290/726353.jpg", "original": "https://static.tvmaze.com/uploads/images/original_untouched/290/726353.jpg"}, "summary": null, "_links": {"self": {"href": "https://api.tvmaze.com/episodes/1977327"}}, "_embedded": {"show": {"id": 50752, "url": "https://www.tvmaze.com/shows/50752/stjernestov", "name": "Stjernest\u00f8v", "type": "Scripted", "language": "Norwegian", "genres": ["Drama", "Children", "Family"], "status": "Ended", "runtime": 20, "averageRuntime": 20, "premiered": "2020-12-01", "ended": "2020-12-24", "officialSite": "https://tv.nrk.no/serie/stjernestoev", "schedule": {"time": "06:00", "days": ["Monday", "Tuesday", "Wednesday", "Thursday", "Friday", "Saturday", "Sunday"]}, "rating": {"average": null}, "weight": 18, "network": null, "webChannel": {"id": 238, "name": "NRK TV", "country": {"name": "Norway", "code": "NO", "timezone": "Europe/Oslo"}, "officialSite": null}, "dvdCountry": null, "externals": {"tvrage": null, "thetvdb": 392649, "imdb": "tt11492320"}, "image": {"medium": "https://static.tvmaze.com/uploads/images/medium_portrait/288/721951.jpg", "original": "https://static.tvmaze.com/uploads/images/original_untouched/288/721951.jpg"}, "summary": "<p>The parents get divorced and Jo has to move to a new place. One day, Nordstjerna goes out, and Jo discovers that a girl with magical powers lives in the attic.</p>", "updated": 1611436842, "_links": {"self": {"href": "https://api.tvmaze.com/shows/50752"}, "previousepisode": {"href": "https://api.tvmaze.com/episodes/1977332"}}}}}, {"id": 2212167, "url": "https://www.tvmaze.com/episodes/2212167/zombety-1x08-8-seria", "name": "8 \u0441\u0435\u0440\u0438\u044f", "season": 1, "number": 8, "type": "regular", "airdate": "2020-12-19", "airtime": "", "airstamp": "2020-12-19T07:00:00+00:00", "runtime": null, "rating": {"average": null}, "image": null, "summary": null, "_links": {"self": {"href": "https://api.tvmaze.com/episodes/2212167"}}, "_embedded": {"show": {"id": 58844, "url": "https://www.tvmaze.com/shows/58844/zombety", "name": "\u0417\u043e\u043c\u0431\u0435\u0442\u044b", "type": "Scripted", "language": "Russian", "genres": ["Comedy", "Horror"], "status": "To Be Determined", "runtime": null, "averageRuntime": null, "premiered": "2020-11-07", "ended": null, "officialSite": "https://salemsocial.kz/projects/zombeti", "schedule": {"time": "", "days": ["Wednesday"]}, "rating": {"average": null}, "weight": 2, "network": null, "webChannel": {"id": 452, "name": "Aitube.kz", "country": {"name": "Kazakhstan", "code": "KZ", "timezone": "Asia/Qyzylorda"}, "officialSite": null}, "dvdCountry": null, "externals": {"tvrage": null, "thetvdb": null, "imdb": null}, "image": null, "summary": null, "updated": 1636362084, "_links": {"self": {"href": "https://api.tvmaze.com/shows/58844"}, "previousepisode": {"href": "https://api.tvmaze.com/episodes/2212177"}}}}}, {"id": 2041865, "url": "https://www.tvmaze.com/episodes/2041865/fandom-tour-1x14-omaigeol-ui-du-beonjjae-chueog-yeohaeng", "name": "\uc624\ub9c8\uc774\uac78\uc758 \ub450 \ubc88\uc9f8 \ucd94\uc5b5\uc5ec\ud589", "season": 1, "number": 14, "type": "regular", "airdate": "2020-12-19", "airtime": "17:00", "airstamp": "2020-12-19T08:00:00+00:00", "runtime": 17, "rating": {"average": null}, "image": null, "summary": null, "_links": {"self": {"href": "https://api.tvmaze.com/episodes/2041865"}}, "_embedded": {"show": {"id": 53888, "url": "https://www.tvmaze.com/shows/53888/fandom-tour", "name": "Fandom Tour", "type": "Variety", "language": "Korean", "genres": ["Comedy", "Music", "Travel"], "status": "Ended", "runtime": 15, "averageRuntime": 17, "premiered": "2020-09-19", "ended": "2021-01-02", "officialSite": "https://tv.kakao.com/channel/3658620/cliplink/415324903?metaObjectType=Channel", "schedule": {"time": "17:00", "days": ["Saturday"]}, "rating": {"average": null}, "weight": 21, "network": null, "webChannel": {"id": 294, "name": "Kakao TV", "country": {"name": "Korea, Republic of", "code": "KR", "timezone": "Asia/Seoul"}, "officialSite": "https://tv.kakao.com/top"}, "dvdCountry": null, "externals": {"tvrage": null, "thetvdb": null, "imdb": null}, "image": {"medium": "https://static.tvmaze.com/uploads/images/medium_portrait/378/947056.jpg", "original": "https://static.tvmaze.com/uploads/images/original_untouched/378/947056.jpg"}, "summary": "<p>K-pop artists have come out for fans who want to come to Korea but can't! Idol pilgrimage maker to make travel course by traveling 'instead' to hideouts containing precious memories of my favorite artist!\u00a0<br />\u00a0</p>", "updated": 1638067689, "_links": {"self": {"href": "https://api.tvmaze.com/shows/53888"}, "previousepisode": {"href": "https://api.tvmaze.com/episodes/2041867"}}}}}, {"id": 2137604, "url": "https://www.tvmaze.com/episodes/2137604/its-okay-to-be-sensitive-2020-1x06-episode-6", "name": "Episode 6", "season": 1, "number": 6, "type": "regular", "airdate": "2020-12-19", "airtime": "18:00", "airstamp": "2020-12-19T09:00:00+00:00", "runtime": 15, "rating": {"average": null}, "image": null, "summary": null, "_links": {"self": {"href": "https://api.tvmaze.com/episodes/2137604"}}, "_embedded": {"show": {"id": 56605, "url": "https://www.tvmaze.com/shows/56605/its-okay-to-be-sensitive-2020", "name": "It's Okay to Be Sensitive 2020", "type": "Scripted", "language": "Korean", "genres": ["Drama"], "status": "Ended", "runtime": 15, "averageRuntime": null, "premiered": "2020-12-03", "ended": "2020-12-26", "officialSite": null, "schedule": {"time": "18:00", "days": ["Thursday", "Saturday"]}, "rating": {"average": null}, "weight": 18, "network": null, "webChannel": {"id": 30, "name": "Naver TVCast", "country": {"name": "Korea, Republic of", "code": "KR", "timezone": "Asia/Seoul"}, "officialSite": "https://tv.naver.com/"}, "dvdCountry": null, "externals": {"tvrage": null, "thetvdb": null, "imdb": null}, "image": {"medium": "https://static.tvmaze.com/uploads/images/medium_portrait/344/861394.jpg", "original": "https://static.tvmaze.com/uploads/images/original_untouched/344/861394.jpg"}, "summary": "<p>In these times when it is difficult to completely guard \"oneself\" due to social and gender issues, the friendship story of four people delivering warm comfort to all the wounded people in the world.</p>", "updated": 1661109065, "_links": {"self": {"href": "https://api.tvmaze.com/shows/56605"}, "previousepisode": {"href": "https://api.tvmaze.com/episodes/2137606"}}}}}, {"id": 1984181, "url": "https://www.tvmaze.com/episodes/1984181/hjerteslag-3x09-prinsessa-i-tarnet", "name": "Prinsessa i t\u00e5rnet", "season": 3, "number": 9, "type": "regular", "airdate": "2020-12-19", "airtime": "", "airstamp": "2020-12-19T11:00:00+00:00", "runtime": 12, "rating": {"average": null}, "image": {"medium": "https://static.tvmaze.com/uploads/images/medium_landscape/288/721858.jpg", "original": "https://static.tvmaze.com/uploads/images/original_untouched/288/721858.jpg"}, "summary": null, "_links": {"self": {"href": "https://api.tvmaze.com/episodes/1984181"}}, "_embedded": {"show": {"id": 44057, "url": "https://www.tvmaze.com/shows/44057/hjerteslag", "name": "Hjerteslag", "type": "Scripted", "language": "Norwegian", "genres": ["Drama", "Romance"], "status": "To Be Determined", "runtime": null, "averageRuntime": 12, "premiered": "2019-08-15", "ended": null, "officialSite": "https://play.tv2.no/programmer/serier/hjerteslag", "schedule": {"time": "", "days": ["Monday", "Tuesday", "Wednesday", "Thursday", "Friday", "Saturday", "Sunday"]}, "rating": {"average": null}, "weight": 63, "network": null, "webChannel": {"id": 327, "name": "TV 2 Play", "country": {"name": "Norway", "code": "NO", "timezone": "Europe/Oslo"}, "officialSite": null}, "dvdCountry": null, "externals": {"tvrage": null, "thetvdb": 368257, "imdb": "tt10727044"}, "image": {"medium": "https://static.tvmaze.com/uploads/images/medium_portrait/383/958496.jpg", "original": "https://static.tvmaze.com/uploads/images/original_untouched/383/958496.jpg"}, "summary": "<p>A relationship drama about two young people who fall in love at a difficult time in life. In the series, we meet Anders and Mio who, after a one night stand, find out that they are pregnant.</p>", "updated": 1662724788, "_links": {"self": {"href": "https://api.tvmaze.com/shows/44057"}, "previousepisode": {"href": "https://api.tvmaze.com/episodes/2333793"}}}}}, {"id": 2182118, "url": "https://www.tvmaze.com/episodes/2182118/hjem-til-jul-1x03-episode-3", "name": "Episode 3", "season": 1, "number": 3, "type": "regular", "airdate": "2020-12-19", "airtime": "", "airstamp": "2020-12-19T11:00:00+00:00", "runtime": 20, "rating": {"average": null}, "image": {"medium": "https://static.tvmaze.com/uploads/images/medium_landscape/361/903574.jpg", "original": "https://static.tvmaze.com/uploads/images/original_untouched/361/903574.jpg"}, "summary": null, "_links": {"self": {"href": "https://api.tvmaze.com/episodes/2182118"}}, "_embedded": {"show": {"id": 57956, "url": "https://www.tvmaze.com/shows/57956/hjem-til-jul", "name": "Hjem til jul?", "type": "Documentary", "language": "Norwegian", "genres": [], "status": "Ended", "runtime": null, "averageRuntime": 21, "premiered": "2020-12-05", "ended": "2020-12-19", "officialSite": "https://play.tv2.no/nyheter/hjem-til-jul", "schedule": {"time": "", "days": ["Saturday"]}, "rating": {"average": null}, "weight": 8, "network": null, "webChannel": {"id": 327, "name": "TV 2 Play", "country": {"name": "Norway", "code": "NO", "timezone": "Europe/Oslo"}, "officialSite": null}, "dvdCountry": null, "externals": {"tvrage": null, "thetvdb": null, "imdb": null}, "image": null, "summary": "<p>It will be a different holiday for many this year. In the program <b>Hjem til jul? </b>we talk, among other things, with Norwegian students who are corona-fixed abroad, those who are out on military missions for Norway, and the sailors who steer Norwegian ships on the world's oceans on Christmas Eve.</p>", "updated": 1632861504, "_links": {"self": {"href": "https://api.tvmaze.com/shows/57956"}, "previousepisode": {"href": "https://api.tvmaze.com/episodes/2182118"}}}}}, {"id": 2176136, "url": "https://www.tvmaze.com/episodes/2176136/scishow-2020-12-19-why-some-frozen-lakes-catch-fire", "name": "Why Some Frozen Lakes Catch Fire", "season": 2020, "number": 346, "type": "regular", "airdate": "2020-12-19", "airtime": "", "airstamp": "2020-12-19T12:00:00+00:00", "runtime": null, "rating": {"average": null}, "image": null, "summary": null, "_links": {"self": {"href": "https://api.tvmaze.com/episodes/2176136"}}, "_embedded": {"show": {"id": 30606, "url": "https://www.tvmaze.com/shows/30606/scishow", "name": "SciShow", "type": "Documentary", "language": "English", "genres": [], "status": "Running", "runtime": null, "averageRuntime": 9, "premiered": "2012-01-02", "ended": null, "officialSite": "https://www.youtube.com/user/scishow/", "schedule": {"time": "", "days": []}, "rating": {"average": null}, "weight": 9, "network": null, "webChannel": {"id": 21, "name": "YouTube", "country": null, "officialSite": "https://www.youtube.com"}, "dvdCountry": null, "externals": {"tvrage": null, "thetvdb": 265193, "imdb": null}, "image": {"medium": "https://static.tvmaze.com/uploads/images/medium_portrait/121/302950.jpg", "original": "https://static.tvmaze.com/uploads/images/original_untouched/121/302950.jpg"}, "summary": "<p><b>SciShow</b> explores the unexpected. Seven days a week, Hank Green, Michael Aranda, and Olivia Gordon delve into the scientific subjects that defy our expectations and make us even more curious!</p><p>Schedule:</p><p>Sundays \u2014 Learn about the amazing topics we can't quite make a stand-alone show about in SciShow List Show!</p><p>Mondays \u2014 Tune in for a short Dose about our weird world.</p><p>Tuesdays \u2014 Find answers to our most asked Quick Questions.</p><p>Wednesdays \u2014 Hank or Michael dives deep into a long-form Infusion episode, or an unscripted talk show or quiz show with a guest!</p><p>Thursday \u2014 Another new dose about the wonders of the world.</p><p>Fridays \u2014 Learn the latest in science News.</p><p>Saturdays \u2014 Get your quick questions answered!</p>", "updated": 1644762005, "_links": {"self": {"href": "https://api.tvmaze.com/shows/30606"}, "previousepisode": {"href": "https://api.tvmaze.com/episodes/2275469"}}}}}, {"id": 1988351, "url": "https://www.tvmaze.com/episodes/1988351/hocu-domoj-5x05-ptuskin-i-dud-ne-dosli-do-konca-a-my-smozem-likijskaa-tropa-turcia", "name": "\u041f\u0442\u0443\u0448\u043a\u0438\u043d \u0438 \u0414\u0443\u0434\u044c \u043d\u0435 \u0434\u043e\u0448\u043b\u0438 \u0434\u043e \u043a\u043e\u043d\u0446\u0430. \u0410 \u043c\u044b \u0441\u043c\u043e\u0436\u0435\u043c? \u041b\u0438\u043a\u0438\u0439\u0441\u043a\u0430\u044f \u0442\u0440\u043e\u043f\u0430, \u0422\u0443\u0440\u0446\u0438\u044f", "season": 5, "number": 5, "type": "regular", "airdate": "2020-12-19", "airtime": "", "airstamp": "2020-12-19T12:00:00+00:00", "runtime": 59, "rating": {"average": null}, "image": null, "summary": null, "_links": {"self": {"href": "https://api.tvmaze.com/episodes/1988351"}}, "_embedded": {"show": {"id": 36840, "url": "https://www.tvmaze.com/shows/36840/hocu-domoj", "name": "\u0425\u043e\u0447\u0443 \u0434\u043e\u043c\u043e\u0439", "type": "Documentary", "language": "Russian", "genres": ["Adventure", "Travel"], "status": "Running", "runtime": null, "averageRuntime": 39, "premiered": "2017-02-12", "ended": null, "officialSite": "https://www.youtube.com/watch?v=NXw5e_JFutw&list=PLPPkYNeVB0B65QmBSTAS9PivZ_ixCUD4e", "schedule": {"time": "", "days": []}, "rating": {"average": null}, "weight": 15, "network": null, "webChannel": {"id": 21, "name": "YouTube", "country": null, "officialSite": "https://www.youtube.com"}, "dvdCountry": null, "externals": {"tvrage": null, "thetvdb": null, "imdb": null}, "image": null, "summary": "<p>In <b>\u0425\u043e\u0447\u0443 \u0434\u043e\u043c\u043e\u0439 </b>the host will take you to certain places in our world you don't want to travel to.</p>", "updated": 1660995123, "_links": {"self": {"href": "https://api.tvmaze.com/shows/36840"}, "previousepisode": {"href": "https://api.tvmaze.com/episodes/2322717"}}}}}, {"id": 1988715, "url": "https://www.tvmaze.com/episodes/1988715/jachtseizoen-5x08-dopebwoy-op-de-vlucht", "name": "Dopebwoy op de Vlucht", "season": 5, "number": 8, "type": "regular", "airdate": "2020-12-19", "airtime": "", "airstamp": "2020-12-19T12:00:00+00:00", "runtime": 30, "rating": {"average": null}, "image": null, "summary": null, "_links": {"self": {"href": "https://api.tvmaze.com/episodes/1988715"}}, "_embedded": {"show": {"id": 40232, "url": "https://www.tvmaze.com/shows/40232/jachtseizoen", "name": "Jachtseizoen", "type": "Game Show", "language": "Dutch", "genres": [], "status": "Running", "runtime": 30, "averageRuntime": 30, "premiered": "2016-12-17", "ended": null, "officialSite": "https://www.youtube.com/watch?v=KsjjpB-EKdE&list=PLV8Q_exbQpnah3PkCNG8ao4sbWxqFdjSY", "schedule": {"time": "", "days": ["Saturday"]}, "rating": {"average": null}, "weight": 24, "network": null, "webChannel": {"id": 21, "name": "YouTube", "country": null, "officialSite": "https://www.youtube.com"}, "dvdCountry": null, "externals": {"tvrage": null, "thetvdb": 322721, "imdb": "tt6344082"}, "image": {"medium": "https://static.tvmaze.com/uploads/images/medium_portrait/178/447309.jpg", "original": "https://static.tvmaze.com/uploads/images/original_untouched/178/447309.jpg"}, "summary": "<p>In every episode of <b>Jachtseizoen</b>, a famous Dutch person is taking up the task to flee from the men of StukTV. It is up to StukTV to hunt him down within four hours and if they fail to do so, the fugitive is gone.</p>", "updated": 1658828628, "_links": {"self": {"href": "https://api.tvmaze.com/shows/40232"}, "previousepisode": {"href": "https://api.tvmaze.com/episodes/2366840"}}}}}, {"id": 2111707, "url": "https://www.tvmaze.com/episodes/2111707/world-wonder-ring-stardom-2020-12-19-stardom-in-shizuoka", "name": "Stardom in Shizuoka", "season": 2020, "number": 53, "type": "regular", "airdate": "2020-12-19", "airtime": "", "airstamp": "2020-12-19T12:00:00+00:00", "runtime": 120, "rating": {"average": null}, "image": null, "summary": null, "_links": {"self": {"href": "https://api.tvmaze.com/episodes/2111707"}}, "_embedded": {"show": {"id": 42383, "url": "https://www.tvmaze.com/shows/42383/world-wonder-ring-stardom", "name": "World Wonder Ring STARDOM", "type": "Sports", "language": "English", "genres": [], "status": "Running", "runtime": 120, "averageRuntime": 120, "premiered": "2016-12-22", "ended": null, "officialSite": null, "schedule": {"time": "", "days": []}, "rating": {"average": null}, "weight": 12, "network": null, "webChannel": {"id": 321, "name": "StardomWorld", "country": null, "officialSite": null}, "dvdCountry": null, "externals": {"tvrage": null, "thetvdb": null, "imdb": null}, "image": {"medium": "https://static.tvmaze.com/uploads/images/medium_portrait/213/533674.jpg", "original": "https://static.tvmaze.com/uploads/images/original_untouched/213/533674.jpg"}, "summary": "<p><b>World Wonder Ring Stardom</b>, legal name Kabushiki Gaisha Stardom (\u682a\u5f0f\u4f1a\u793e\u30b9\u30bf\u30fc\u30c0\u30e0 Kabushiki Gaisha Sut\u0101damu) and often referred to simply as Stardom (stylized as STARD\u272aM),[2] is a Japanese joshi puroresu or women's professional wrestling promotion, founded in September 2010 by former Hyper Visual Fighting Arsion and JDStar promoter Rossy Ogawa, retired wrestler, model and mixed martial artist Fuka Kakimoto and veteran professional wrestler Nanae Takahashi. Stardom quickly became one of the top joshi puroresu promotions, largely thanks to gravure idol Yuzuki Aikawa becoming the promotion's public face.</p>", "updated": 1661107672, "_links": {"self": {"href": "https://api.tvmaze.com/shows/42383"}, "previousepisode": {"href": "https://api.tvmaze.com/episodes/2377391"}, "nextepisode": {"href": "https://api.tvmaze.com/episodes/2377392"}}}}}, {"id": 1988541, "url": "https://www.tvmaze.com/episodes/1988541/world-war-two-week-by-week-3x16-december-19-1941", "name": "December 19, 1941", "season": 3, "number": 16, "type": "regular", "airdate": "2020-12-19", "airtime": "", "airstamp": "2020-12-19T12:00:00+00:00", "runtime": 18, "rating": {"average": null}, "image": {"medium": "https://static.tvmaze.com/uploads/images/medium_landscape/292/731119.jpg", "original": "https://static.tvmaze.com/uploads/images/original_untouched/292/731119.jpg"}, "summary": "<p>The Japanese make gains in Malaya, Burma, Hong Kong, Borneo, and the Philippines. The Allies also have trouble in the Atlantic and the Mediterranean, where they are beginning to seriously suffer from a lack of capital ships. The Soviet Red Army is advancing, though, and Stalin takes personal control of planning for the upcoming counteroffensive, while Adolf Hitler takes personal control of the German Army.</p>", "_links": {"self": {"href": "https://api.tvmaze.com/episodes/1988541"}}, "_embedded": {"show": {"id": 49147, "url": "https://www.tvmaze.com/shows/49147/world-war-two-week-by-week", "name": "World War Two: Week by Week", "type": "Documentary", "language": "English", "genres": ["War", "History"], "status": "Running", "runtime": 20, "averageRuntime": 15, "premiered": "2018-09-01", "ended": null, "officialSite": "https://www.youtube.com/c/WorldWarTwo/playlists?view=50&sort=dd&shelf_id=5", "schedule": {"time": "", "days": ["Saturday"]}, "rating": {"average": null}, "weight": 72, "network": null, "webChannel": {"id": 21, "name": "YouTube", "country": null, "officialSite": "https://www.youtube.com"}, "dvdCountry": null, "externals": {"tvrage": null, "thetvdb": null, "imdb": null}, "image": {"medium": "https://static.tvmaze.com/uploads/images/medium_portrait/275/688802.jpg", "original": "https://static.tvmaze.com/uploads/images/original_untouched/275/688802.jpg"}, "summary": "<p>World War Two dives into the history of one of the most devastating wars in human history. Indy Neidell, Spartacus Olsson and their team of dedicated historians cover the events of World War Two week by week in realtime. Additionally, we take an in-depth look at the war against humanity, key figures in all camps, military hardware, impact on culture, military strategies and life at the home fronts or under occupation.</p>", "updated": 1663428497, "_links": {"self": {"href": "https://api.tvmaze.com/shows/49147"}, "previousepisode": {"href": "https://api.tvmaze.com/episodes/2395151"}}}}}, {"id": 1953789, "url": "https://www.tvmaze.com/episodes/1953789/after-dark-the-series-1x10-into-the-hole-part-1", "name": "Into the Hole - Part 1", "season": 1, "number": 10, "type": "regular", "airdate": "2020-12-19", "airtime": "", "airstamp": "2020-12-19T12:00:00+00:00", "runtime": 60, "rating": {"average": null}, "image": {"medium": "https://static.tvmaze.com/uploads/images/medium_landscape/288/721376.jpg", "original": "https://static.tvmaze.com/uploads/images/original_untouched/288/721376.jpg"}, "summary": "<p>Chai, a handsome man, and his friend Om were taking videos secretly and sell the video clips via an \"Open Chat\" software called \"XTH Room\". As both encounter a new victim, nothing will be the same.</p>", "_links": {"self": {"href": "https://api.tvmaze.com/episodes/1953789"}}, "_embedded": {"show": {"id": 50983, "url": "https://www.tvmaze.com/shows/50983/after-dark-the-series", "name": "After Dark The Series", "type": "Scripted", "language": "Thai", "genres": ["Horror"], "status": "Ended", "runtime": null, "averageRuntime": 56, "premiered": "2020-10-24", "ended": "2021-01-09", "officialSite": "https://wetv.vip/en/play/fscxgyc44dvhojy-After%20Dark/j0034ios98n-Official%20Trailer%3A%20After%20Dark", "schedule": {"time": "", "days": ["Saturday"]}, "rating": {"average": null}, "weight": 63, "network": null, "webChannel": {"id": 367, "name": "WeTV", "country": null, "officialSite": "https://wetv.vip/"}, "dvdCountry": null, "externals": {"tvrage": null, "thetvdb": 390873, "imdb": null}, "image": {"medium": "https://static.tvmaze.com/uploads/images/medium_portrait/276/691974.jpg", "original": "https://static.tvmaze.com/uploads/images/original_untouched/276/691974.jpg"}, "summary": "<p>4 horror stories: When the night falls, humans are more of a threat.</p>", "updated": 1636398937, "_links": {"self": {"href": "https://api.tvmaze.com/shows/50983"}, "previousepisode": {"href": "https://api.tvmaze.com/episodes/1953792"}}}}}, {"id": 1988595, "url": "https://www.tvmaze.com/episodes/1988595/detention-1x05-history-repeats", "name": "HIStory repeats", "season": 1, "number": 5, "type": "regular", "airdate": "2020-12-19", "airtime": "", "airstamp": "2020-12-19T12:00:00+00:00", "runtime": 51, "rating": {"average": null}, "image": {"medium": "https://static.tvmaze.com/uploads/images/medium_landscape/289/724599.jpg", "original": "https://static.tvmaze.com/uploads/images/original_untouched/289/724599.jpg"}, "summary": "<p>Yun-hsiang becomes a target of slander, Shen Hua caves under pressure from his father, and Jui-hsin watches Yun-hsiang carry out an act of desperation.</p><p><br />\u00a0</p>", "_links": {"self": {"href": "https://api.tvmaze.com/episodes/1988595"}}, "_embedded": {"show": {"id": 51125, "url": "https://www.tvmaze.com/shows/51125/detention", "name": "Detention", "type": "Scripted", "language": "Chinese", "genres": ["Drama", "Horror", "Thriller"], "status": "To Be Determined", "runtime": null, "averageRuntime": 51, "premiered": "2020-12-05", "ended": null, "officialSite": "https://www.netflix.com/title/81329144", "schedule": {"time": "", "days": ["Saturday"]}, "rating": {"average": null}, "weight": 46, "network": null, "webChannel": {"id": 1, "name": "Netflix", "country": null, "officialSite": "https://www.netflix.com/"}, "dvdCountry": null, "externals": {"tvrage": null, "thetvdb": 387152, "imdb": "tt13175760"}, "image": {"medium": "https://static.tvmaze.com/uploads/images/medium_portrait/277/693739.jpg", "original": "https://static.tvmaze.com/uploads/images/original_untouched/277/693739.jpg"}, "summary": "<p><b>Detention</b> starts at Greenwood High School in the 1990s. Yunxiang Liu, a transfer student, steps into the forbidden area on the campus by accident, where she encounters the ghost of Ruixin Fang. Fang later unveils the hidden history and trauma over the past 30 years, and how a group of young students and teachers were persecuted as they fought for freedom in the era of censorship. Their stories keep coming back to the school like haunting nightmares, waiting to be told and revealed.\u00a0\u00a0</p>", "updated": 1609887201, "_links": {"self": {"href": "https://api.tvmaze.com/shows/51125"}, "previousepisode": {"href": "https://api.tvmaze.com/episodes/1992714"}}}}}, {"id": 1988596, "url": "https://www.tvmaze.com/episodes/1988596/detention-1x06-re-detention", "name": "Re: Detention", "season": 1, "number": 6, "type": "regular", "airdate": "2020-12-19", "airtime": "", "airstamp": "2020-12-19T12:00:00+00:00", "runtime": 46, "rating": {"average": null}, "image": {"medium": "https://static.tvmaze.com/uploads/images/medium_landscape/289/724600.jpg", "original": "https://static.tvmaze.com/uploads/images/original_untouched/289/724600.jpg"}, "summary": "<p>Yun-hsiang becomes trapped in a parallel consciousness. Cheng Wen-liang seeks his uncle's aid in preventing Jui-hsin's vengeful plan.</p><p><br />\u00a0</p>", "_links": {"self": {"href": "https://api.tvmaze.com/episodes/1988596"}}, "_embedded": {"show": {"id": 51125, "url": "https://www.tvmaze.com/shows/51125/detention", "name": "Detention", "type": "Scripted", "language": "Chinese", "genres": ["Drama", "Horror", "Thriller"], "status": "To Be Determined", "runtime": null, "averageRuntime": 51, "premiered": "2020-12-05", "ended": null, "officialSite": "https://www.netflix.com/title/81329144", "schedule": {"time": "", "days": ["Saturday"]}, "rating": {"average": null}, "weight": 46, "network": null, "webChannel": {"id": 1, "name": "Netflix", "country": null, "officialSite": "https://www.netflix.com/"}, "dvdCountry": null, "externals": {"tvrage": null, "thetvdb": 387152, "imdb": "tt13175760"}, "image": {"medium": "https://static.tvmaze.com/uploads/images/medium_portrait/277/693739.jpg", "original": "https://static.tvmaze.com/uploads/images/original_untouched/277/693739.jpg"}, "summary": "<p><b>Detention</b> starts at Greenwood High School in the 1990s. Yunxiang Liu, a transfer student, steps into the forbidden area on the campus by accident, where she encounters the ghost of Ruixin Fang. Fang later unveils the hidden history and trauma over the past 30 years, and how a group of young students and teachers were persecuted as they fought for freedom in the era of censorship. Their stories keep coming back to the school like haunting nightmares, waiting to be told and revealed.\u00a0\u00a0</p>", "updated": 1609887201, "_links": {"self": {"href": "https://api.tvmaze.com/shows/51125"}, "previousepisode": {"href": "https://api.tvmaze.com/episodes/1992714"}}}}}, {"id": 1953070, "url": "https://www.tvmaze.com/episodes/1953070/lakan-1x04-rising-from-the-past", "name": "Rising From The Past", "season": 1, "number": 4, "type": "regular", "airdate": "2020-12-19", "airtime": "", "airstamp": "2020-12-19T12:00:00+00:00", "runtime": 23, "rating": {"average": 5.5}, "image": {"medium": "https://static.tvmaze.com/uploads/images/medium_landscape/289/724853.jpg", "original": "https://static.tvmaze.com/uploads/images/original_untouched/289/724853.jpg"}, "summary": null, "_links": {"self": {"href": "https://api.tvmaze.com/episodes/1953070"}}, "_embedded": {"show": {"id": 51398, "url": "https://www.tvmaze.com/shows/51398/lakan", "name": "Lakan", "type": "Scripted", "language": "Tagalog", "genres": ["Drama", "Romance"], "status": "Ended", "runtime": 25, "averageRuntime": 28, "premiered": "2020-10-26", "ended": "2021-03-01", "officialSite": "https://www.youtube.com/channel/UC55Yhi0p2HMQl7wljpwOmog/", "schedule": {"time": "", "days": ["Monday"]}, "rating": {"average": null}, "weight": 30, "network": null, "webChannel": {"id": 21, "name": "YouTube", "country": null, "officialSite": "https://www.youtube.com"}, "dvdCountry": null, "externals": {"tvrage": null, "thetvdb": 390342, "imdb": null}, "image": {"medium": "https://static.tvmaze.com/uploads/images/medium_portrait/279/697819.jpg", "original": "https://static.tvmaze.com/uploads/images/original_untouched/279/697819.jpg"}, "summary": "<p><b>Lakan</b> is about a man who wants to escape the reality of his life where he can rest from the hardships of the city and feel the simplicity of life and a man from the province who has a great responsibility to their tribe. The two form an intimate relationship without knowing that it is love despite their sexual preferences.</p>", "updated": 1650949116, "_links": {"self": {"href": "https://api.tvmaze.com/shows/51398"}, "previousepisode": {"href": "https://api.tvmaze.com/episodes/2319497"}}}}}, {"id": 1997520, "url": "https://www.tvmaze.com/episodes/1997520/the-penalty-zone-1x13-episode-13", "name": "Episode 13", "season": 1, "number": 13, "type": "regular", "airdate": "2020-12-19", "airtime": "", "airstamp": "2020-12-19T12:00:00+00:00", "runtime": 45, "rating": {"average": null}, "image": null, "summary": null, "_links": {"self": {"href": "https://api.tvmaze.com/episodes/1997520"}}, "_embedded": {"show": {"id": 52743, "url": "https://www.tvmaze.com/shows/52743/the-penalty-zone", "name": "The Penalty Zone", "type": "Scripted", "language": "Chinese", "genres": ["Drama", "Action", "Crime"], "status": "Ended", "runtime": 45, "averageRuntime": 45, "premiered": "2020-12-16", "ended": "2021-01-09", "officialSite": "https://www.iqiyi.com/a_19rrhllpip.html", "schedule": {"time": "", "days": ["Wednesday", "Thursday", "Friday", "Saturday", "Sunday"]}, "rating": {"average": null}, "weight": 21, "network": null, "webChannel": {"id": 67, "name": "iQIYI", "country": null, "officialSite": "https://www.iq.com/"}, "dvdCountry": null, "externals": {"tvrage": null, "thetvdb": null, "imdb": "tt13599000"}, "image": {"medium": "https://static.tvmaze.com/uploads/images/medium_portrait/291/729147.jpg", "original": "https://static.tvmaze.com/uploads/images/original_untouched/291/729147.jpg"}, "summary": "<p>A story that follows undercover cop Gan Tian Lei who spent 10 years of his life walking a gray area. After waking up from a serious injury, he restarts his life and tries to solve a case by relying on his lost memories.</p>", "updated": 1654976411, "_links": {"self": {"href": "https://api.tvmaze.com/shows/52743"}, "previousepisode": {"href": "https://api.tvmaze.com/episodes/1997552"}}}}}, {"id": 1997521, "url": "https://www.tvmaze.com/episodes/1997521/the-penalty-zone-1x14-episode-14", "name": "Episode 14", "season": 1, "number": 14, "type": "regular", "airdate": "2020-12-19", "airtime": "", "airstamp": "2020-12-19T12:00:00+00:00", "runtime": 45, "rating": {"average": null}, "image": null, "summary": null, "_links": {"self": {"href": "https://api.tvmaze.com/episodes/1997521"}}, "_embedded": {"show": {"id": 52743, "url": "https://www.tvmaze.com/shows/52743/the-penalty-zone", "name": "The Penalty Zone", "type": "Scripted", "language": "Chinese", "genres": ["Drama", "Action", "Crime"], "status": "Ended", "runtime": 45, "averageRuntime": 45, "premiered": "2020-12-16", "ended": "2021-01-09", "officialSite": "https://www.iqiyi.com/a_19rrhllpip.html", "schedule": {"time": "", "days": ["Wednesday", "Thursday", "Friday", "Saturday", "Sunday"]}, "rating": {"average": null}, "weight": 21, "network": null, "webChannel": {"id": 67, "name": "iQIYI", "country": null, "officialSite": "https://www.iq.com/"}, "dvdCountry": null, "externals": {"tvrage": null, "thetvdb": null, "imdb": "tt13599000"}, "image": {"medium": "https://static.tvmaze.com/uploads/images/medium_portrait/291/729147.jpg", "original": "https://static.tvmaze.com/uploads/images/original_untouched/291/729147.jpg"}, "summary": "<p>A story that follows undercover cop Gan Tian Lei who spent 10 years of his life walking a gray area. After waking up from a serious injury, he restarts his life and tries to solve a case by relying on his lost memories.</p>", "updated": 1654976411, "_links": {"self": {"href": "https://api.tvmaze.com/shows/52743"}, "previousepisode": {"href": "https://api.tvmaze.com/episodes/1997552"}}}}}, {"id": 2000064, "url": "https://www.tvmaze.com/episodes/2000064/ultimate-note-1x17-episode-17", "name": "Episode 17", "season": 1, "number": 17, "type": "regular", "airdate": "2020-12-19", "airtime": "", "airstamp": "2020-12-19T12:00:00+00:00", "runtime": 45, "rating": {"average": null}, "image": null, "summary": null, "_links": {"self": {"href": "https://api.tvmaze.com/episodes/2000064"}}, "_embedded": {"show": {"id": 52806, "url": "https://www.tvmaze.com/shows/52806/ultimate-note", "name": "Ultimate Note", "type": "Scripted", "language": "Chinese", "genres": ["Drama", "Comedy", "Adventure"], "status": "Ended", "runtime": 45, "averageRuntime": 45, "premiered": "2020-12-10", "ended": "2021-01-02", "officialSite": "https://www.iqiyi.com/a_nvzsmw0tgx.html", "schedule": {"time": "", "days": ["Thursday", "Friday", "Saturday"]}, "rating": {"average": null}, "weight": 29, "network": null, "webChannel": {"id": 67, "name": "iQIYI", "country": null, "officialSite": "https://www.iq.com/"}, "dvdCountry": null, "externals": {"tvrage": null, "thetvdb": 393229, "imdb": null}, "image": {"medium": "https://static.tvmaze.com/uploads/images/medium_portrait/291/729820.jpg", "original": "https://static.tvmaze.com/uploads/images/original_untouched/291/729820.jpg"}, "summary": "<p>Curious about his uncle's past, Wu Xie watched a mysterious videotape, only to find himself mixed up in an elaborate conspiracy. In his adventures, he encountered Zhang Qi Ling, Xie Yu Chen, and others.\u00a0</p>", "updated": 1649178084, "_links": {"self": {"href": "https://api.tvmaze.com/shows/52806"}, "previousepisode": {"href": "https://api.tvmaze.com/episodes/2000083"}}}}}, {"id": 2000065, "url": "https://www.tvmaze.com/episodes/2000065/ultimate-note-1x18-episode-18", "name": "Episode 18", "season": 1, "number": 18, "type": "regular", "airdate": "2020-12-19", "airtime": "", "airstamp": "2020-12-19T12:00:00+00:00", "runtime": 45, "rating": {"average": null}, "image": null, "summary": null, "_links": {"self": {"href": "https://api.tvmaze.com/episodes/2000065"}}, "_embedded": {"show": {"id": 52806, "url": "https://www.tvmaze.com/shows/52806/ultimate-note", "name": "Ultimate Note", "type": "Scripted", "language": "Chinese", "genres": ["Drama", "Comedy", "Adventure"], "status": "Ended", "runtime": 45, "averageRuntime": 45, "premiered": "2020-12-10", "ended": "2021-01-02", "officialSite": "https://www.iqiyi.com/a_nvzsmw0tgx.html", "schedule": {"time": "", "days": ["Thursday", "Friday", "Saturday"]}, "rating": {"average": null}, "weight": 29, "network": null, "webChannel": {"id": 67, "name": "iQIYI", "country": null, "officialSite": "https://www.iq.com/"}, "dvdCountry": null, "externals": {"tvrage": null, "thetvdb": 393229, "imdb": null}, "image": {"medium": "https://static.tvmaze.com/uploads/images/medium_portrait/291/729820.jpg", "original": "https://static.tvmaze.com/uploads/images/original_untouched/291/729820.jpg"}, "summary": "<p>Curious about his uncle's past, Wu Xie watched a mysterious videotape, only to find himself mixed up in an elaborate conspiracy. In his adventures, he encountered Zhang Qi Ling, Xie Yu Chen, and others.\u00a0</p>", "updated": 1649178084, "_links": {"self": {"href": "https://api.tvmaze.com/shows/52806"}, "previousepisode": {"href": "https://api.tvmaze.com/episodes/2000083"}}}}}, {"id": 2031192, "url": "https://www.tvmaze.com/episodes/2031192/our-memory-1x03-episode-3", "name": "Episode 3", "season": 1, "number": 3, "type": "regular", "airdate": "2020-12-19", "airtime": "", "airstamp": "2020-12-19T12:00:00+00:00", "runtime": 11, "rating": {"average": null}, "image": null, "summary": null, "_links": {"self": {"href": "https://api.tvmaze.com/episodes/2031192"}}, "_embedded": {"show": {"id": 53564, "url": "https://www.tvmaze.com/shows/53564/our-memory", "name": "Our Memory", "type": "Scripted", "language": "Chinese", "genres": ["Drama", "Romance"], "status": "Ended", "runtime": 11, "averageRuntime": 11, "premiered": "2020-10-20", "ended": "2021-01-23", "officialSite": "https://www.youtube.com/playlist?list=PL4hAtAftZF7bnAk9qPgTkvLpJFJKwWJk4", "schedule": {"time": "", "days": []}, "rating": {"average": null}, "weight": 33, "network": null, "webChannel": {"id": 21, "name": "YouTube", "country": null, "officialSite": "https://www.youtube.com"}, "dvdCountry": null, "externals": {"tvrage": null, "thetvdb": 396623, "imdb": null}, "image": {"medium": "https://static.tvmaze.com/uploads/images/medium_portrait/378/947054.jpg", "original": "https://static.tvmaze.com/uploads/images/original_untouched/378/947054.jpg"}, "summary": "<p>A series of micro movies that tells the story of Xiaole and Su Wei, how they've become a couple, their long distance relationship and the other hardships they're facing along the way.\u00a0</p>", "updated": 1638064618, "_links": {"self": {"href": "https://api.tvmaze.com/shows/53564"}, "previousepisode": {"href": "https://api.tvmaze.com/episodes/2031205"}}}}}, {"id": 2039937, "url": "https://www.tvmaze.com/episodes/2039937/tregayes-way-in-the-kitchen-1x06-soul-food-sunday", "name": "Soul Food Sunday", "season": 1, "number": 6, "type": "regular", "airdate": "2020-12-19", "airtime": "", "airstamp": "2020-12-19T12:00:00+00:00", "runtime": 60, "rating": {"average": null}, "image": {"medium": "https://static.tvmaze.com/uploads/images/medium_landscape/329/823869.jpg", "original": "https://static.tvmaze.com/uploads/images/original_untouched/329/823869.jpg"}, "summary": "<p>Tregaye Fraser prepares a Sunday feast for her family with love, laughs, stories and great food! She makes her Grandma's Mac and Cheese, Smothered Pork Chops and Collard Greens.</p>", "_links": {"self": {"href": "https://api.tvmaze.com/episodes/2039937"}}, "_embedded": {"show": {"id": 53851, "url": "https://www.tvmaze.com/shows/53851/tregayes-way-in-the-kitchen", "name": "Tregaye's Way in the Kitchen", "type": "Reality", "language": "English", "genres": ["Food"], "status": "Running", "runtime": 60, "averageRuntime": 60, "premiered": "2020-11-14", "ended": null, "officialSite": "https://www.discoveryplus.com/show/tregayes-way-in-the-kitchen", "schedule": {"time": "", "days": ["Saturday"]}, "rating": {"average": null}, "weight": 27, "network": null, "webChannel": {"id": 173, "name": "discovery+", "country": null, "officialSite": "https://www.discoveryplus.com/"}, "dvdCountry": null, "externals": {"tvrage": null, "thetvdb": 397581, "imdb": "tt14028410"}, "image": {"medium": "https://static.tvmaze.com/uploads/images/medium_portrait/298/745789.jpg", "original": "https://static.tvmaze.com/uploads/images/original_untouched/298/745789.jpg"}, "summary": "<p>Atlanta-based chef and caterer Tregaye Fraser packs flavor and personality into every recipe, sharing her food with the ones she loves -- family, friends and her two growing boys.</p>", "updated": 1623829675, "_links": {"self": {"href": "https://api.tvmaze.com/shows/53851"}, "previousepisode": {"href": "https://api.tvmaze.com/episodes/2113587"}}}}}, {"id": 2118378, "url": "https://www.tvmaze.com/episodes/2118378/yaar-jigree-kasooti-degree-2x12-cracked", "name": "CRACKED", "season": 2, "number": 12, "type": "regular", "airdate": "2020-12-19", "airtime": "", "airstamp": "2020-12-19T12:00:00+00:00", "runtime": null, "rating": {"average": null}, "image": null, "summary": null, "_links": {"self": {"href": "https://api.tvmaze.com/episodes/2118378"}}, "_embedded": {"show": {"id": 56067, "url": "https://www.tvmaze.com/shows/56067/yaar-jigree-kasooti-degree", "name": "Yaar Jigree Kasooti Degree", "type": "Scripted", "language": "Panjabi", "genres": [], "status": "Running", "runtime": null, "averageRuntime": null, "premiered": "2018-09-15", "ended": null, "officialSite": "https://m.youtube.com/playlist?list=PLzpGYTdIrMWnRdP7POYwV4Nt-WncCRKwB", "schedule": {"time": "", "days": []}, "rating": {"average": null}, "weight": 8, "network": null, "webChannel": {"id": 21, "name": "YouTube", "country": null, "officialSite": "https://www.youtube.com"}, "dvdCountry": null, "externals": {"tvrage": null, "thetvdb": 356626, "imdb": null}, "image": {"medium": "https://static.tvmaze.com/uploads/images/medium_portrait/332/831639.jpg", "original": "https://static.tvmaze.com/uploads/images/original_untouched/332/831639.jpg"}, "summary": "<p>The web series revolves around the life of university students.</p>", "updated": 1624646954, "_links": {"self": {"href": "https://api.tvmaze.com/shows/56067"}, "previousepisode": {"href": "https://api.tvmaze.com/episodes/2118379"}}}}}, {"id": 2181797, "url": "https://www.tvmaze.com/episodes/2181797/i-like-to-watch-3x09-dolly-partons-christmas-on-the-square", "name": "Dolly Parton's Christmas on the Square", "season": 3, "number": 9, "type": "regular", "airdate": "2020-12-19", "airtime": "", "airstamp": "2020-12-19T12:00:00+00:00", "runtime": 16, "rating": {"average": null}, "image": null, "summary": null, "_links": {"self": {"href": "https://api.tvmaze.com/episodes/2181797"}}, "_embedded": {"show": {"id": 57945, "url": "https://www.tvmaze.com/shows/57945/i-like-to-watch", "name": "I Like to Watch", "type": "Talk Show", "language": "English", "genres": ["Comedy"], "status": "Running", "runtime": null, "averageRuntime": 18, "premiered": "2019-11-21", "ended": null, "officialSite": "https://www.youtube.com/playlist?list=PLvahqwMqN4M2o2ZzY6Y8a626Lf286LdVl", "schedule": {"time": "", "days": []}, "rating": {"average": null}, "weight": 19, "network": null, "webChannel": {"id": 21, "name": "YouTube", "country": null, "officialSite": "https://www.youtube.com"}, "dvdCountry": null, "externals": {"tvrage": null, "thetvdb": 372640, "imdb": null}, "image": {"medium": "https://static.tvmaze.com/uploads/images/medium_portrait/361/903289.jpg", "original": "https://static.tvmaze.com/uploads/images/original_untouched/361/903289.jpg"}, "summary": "<p><b>I Like to Watch</b> is a 2019 American web series hosted by drag queens Trixie Mattel and Katya Zamolodchikova. The series was created by Fran Tirado, produced by Netflix, and streams on the network's YouTube channel. Produced in a similar format to Mattel and Zamolodchikova's web series <i>UNHhhh</i> and <i>The Trixie &amp; Katya Show</i>, <i>I Like to Watch</i> follows its hosts as they view and react to various Netflix Original Programming.</p>", "updated": 1662231355, "_links": {"self": {"href": "https://api.tvmaze.com/shows/57945"}, "previousepisode": {"href": "https://api.tvmaze.com/episodes/2385850"}}}}}, {"id": 2289874, "url": "https://www.tvmaze.com/episodes/2289874/discover-destination-ua-2x17-vinnytsia-region", "name": "Vinnytsia Region", "season": 2, "number": 17, "type": "regular", "airdate": "2020-12-19", "airtime": "", "airstamp": "2020-12-19T12:00:00+00:00", "runtime": 26, "rating": {"average": null}, "image": null, "summary": null, "_links": {"self": {"href": "https://api.tvmaze.com/episodes/2289874"}}, "_embedded": {"show": {"id": 60809, "url": "https://www.tvmaze.com/shows/60809/discover-destination-ua", "name": "Discover Destination UA", "type": "Documentary", "language": "English", "genres": ["Travel"], "status": "To Be Determined", "runtime": 25, "averageRuntime": 23, "premiered": "2019-09-17", "ended": null, "officialSite": "https://destination-ua.com/", "schedule": {"time": "", "days": []}, "rating": {"average": null}, "weight": 2, "network": null, "webChannel": {"id": 21, "name": "YouTube", "country": null, "officialSite": "https://www.youtube.com"}, "dvdCountry": null, "externals": {"tvrage": null, "thetvdb": null, "imdb": null}, "image": {"medium": "https://static.tvmaze.com/uploads/images/medium_portrait/398/996514.jpg", "original": "https://static.tvmaze.com/uploads/images/original_untouched/398/996514.jpg"}, "summary": "<p>Destination UA is the project showing Ukraine from foreigner's perspective.</p><p>In First season we spent 30 days traveling along the tourist route called Golden Triangle \u2013 Kyiv-Lviv-Odesa.</p><p>We've visited more than 100 locations, tried over two dozen unique Ukrainian dishes, filmed ancient history places and modern spots. We had a lot of fun.</p><p>In the second season of the show we are visited next regions: Kyiv, Chernihiv, Sumy, Kharkiv, Poltava, Dnipro, Kherson, Mykolaiv, Vinnytsia, Zhytomyr.</p><p>Next 100 locations, interesting facts, adventures are waiting for you.</p>", "updated": 1649680350, "_links": {"self": {"href": "https://api.tvmaze.com/shows/60809"}, "previousepisode": {"href": "https://api.tvmaze.com/episodes/2289877"}}}}}, {"id": 2289324, "url": "https://www.tvmaze.com/episodes/2289324/blippi-2020-12-19-blippi-visits-a-christmas-tree-farm-educational-videos-for-kids", "name": "Blippi Visits A Christmas Tree Farm | Educational Videos For Kids", "season": 2020, "number": 19, "type": "regular", "airdate": "2020-12-19", "airtime": "", "airstamp": "2020-12-19T12:00:00+00:00", "runtime": null, "rating": {"average": null}, "image": null, "summary": null, "_links": {"self": {"href": "https://api.tvmaze.com/episodes/2289324"}}, "_embedded": {"show": {"id": 60848, "url": "https://www.tvmaze.com/shows/60848/blippi", "name": "Blippi", "type": "Scripted", "language": "English", "genres": [], "status": "Running", "runtime": null, "averageRuntime": null, "premiered": "2014-09-23", "ended": null, "officialSite": null, "schedule": {"time": "", "days": []}, "rating": {"average": null}, "weight": 33, "network": null, "webChannel": {"id": 21, "name": "YouTube", "country": null, "officialSite": "https://www.youtube.com"}, "dvdCountry": null, "externals": {"tvrage": null, "thetvdb": 322673, "imdb": "tt6594882"}, "image": {"medium": "https://static.tvmaze.com/uploads/images/medium_portrait/398/996515.jpg", "original": "https://static.tvmaze.com/uploads/images/original_untouched/398/996515.jpg"}, "summary": "<p>FUN EDUCATIONAL videos for children! Kids will learn colors, learn shapes, learn numbers, learn letters, the alphabet, abc's and so much more with Blippi's nursery rhymes, educational songs, and educational videos! Blippi ties in things children love like Backhoes, Tractors, Planes, Trains, Animals, Boats, Unicorns, Construction Equipment, Firetrucks, Horses, and the list goes on! Incorporating cartoons and animation with real life footage!</p>", "updated": 1646488908, "_links": {"self": {"href": "https://api.tvmaze.com/shows/60848"}, "previousepisode": {"href": "https://api.tvmaze.com/episodes/2289418"}}}}}, {"id": 2318107, "url": "https://www.tvmaze.com/episodes/2318107/bride-of-beirut-2x51-episode-51", "name": "Episode 51", "season": 2, "number": 51, "type": "regular", "airdate": "2020-12-19", "airtime": "", "airstamp": "2020-12-19T12:00:00+00:00", "runtime": 45, "rating": {"average": null}, "image": null, "summary": null, "_links": {"self": {"href": "https://api.tvmaze.com/episodes/2318107"}}, "_embedded": {"show": {"id": 61755, "url": "https://www.tvmaze.com/shows/61755/bride-of-beirut", "name": "Bride of Beirut", "type": "Scripted", "language": "Arabic", "genres": ["Drama", "Romance"], "status": "Running", "runtime": 45, "averageRuntime": null, "premiered": "2019-09-01", "ended": null, "officialSite": "https://shahid.mbc.net/en/series/Arous%20Beirut-season-1/season-376514-376515", "schedule": {"time": "", "days": ["Monday", "Tuesday", "Wednesday", "Thursday", "Sunday"]}, "rating": {"average": null}, "weight": 38, "network": null, "webChannel": {"id": 379, "name": "Shahid", "country": null, "officialSite": null}, "dvdCountry": null, "externals": {"tvrage": null, "thetvdb": 369798, "imdb": "tt12457946"}, "image": {"medium": "https://static.tvmaze.com/uploads/images/medium_portrait/406/1015108.jpg", "original": "https://static.tvmaze.com/uploads/images/original_untouched/406/1015108.jpg"}, "summary": "<p>Living with her aunt, kind-hearted Thourayya leads a simple life, but her world is upended when she crosses paths with the handsome and ambitious Fares.</p>", "updated": 1650908800, "_links": {"self": {"href": "https://api.tvmaze.com/shows/61755"}, "previousepisode": {"href": "https://api.tvmaze.com/episodes/2318192"}}}}}, {"id": 2303541, "url": "https://www.tvmaze.com/episodes/2303541/kamen-rider-saber-1x15-chapter-15-beyond-the-resolution-and-beyond", "name": "Chapter 15: Beyond The Resolution, and Beyond.", "season": 1, "number": 15, "type": "regular", "airdate": "2020-12-19", "airtime": "00:00", "airstamp": "2020-12-19T15:00:00+00:00", "runtime": 23, "rating": {"average": null}, "image": null, "summary": null, "_links": {"self": {"href": "https://api.tvmaze.com/episodes/2303541"}}, "_embedded": {"show": {"id": 61307, "url": "https://www.tvmaze.com/shows/61307/kamen-rider-saber", "name": "Kamen Rider Saber", "type": "Scripted", "language": "Japanese", "genres": ["Drama", "Action", "Fantasy"], "status": "Ended", "runtime": 23, "averageRuntime": 23, "premiered": "2020-09-05", "ended": "2021-08-21", "officialSite": "https://www.tv-asahi.co.jp/saber/", "schedule": {"time": "00:00", "days": ["Saturday"]}, "rating": {"average": null}, "weight": 2, "network": {"id": 263, "name": "TV Asahi", "country": {"name": "Japan", "code": "JP", "timezone": "Asia/Tokyo"}, "officialSite": null}, "webChannel": {"id": 533, "name": "TELASA", "country": {"name": "Japan", "code": "JP", "timezone": "Asia/Tokyo"}, "officialSite": null}, "dvdCountry": null, "externals": {"tvrage": null, "thetvdb": 387130, "imdb": "tt12605548"}, "image": {"medium": "https://static.tvmaze.com/uploads/images/medium_portrait/402/1005033.jpg", "original": "https://static.tvmaze.com/uploads/images/original_untouched/402/1005033.jpg"}, "summary": "<p>Long ago, the Book of Ancients was the transcriber of history, recording everything known to man; myths, creatures, stories, science and technology, humanity evolved, civilization ... It was protected by the Sword of Logos, a sect of swordsmen tasked with protecting the book to keep the world in balance. However, thousands of years ago, the Megiddo attacked and tried to steal it. As a result, the Book vanished, and each of its pages scattered across the world. In the present day, young novelist Touma Kamiyama has been having dreams of another dimension, swordsmen and monsters coming out of a storybook, and a \"mysterious girl\" calling for help. Recalling the dream sends chills down his spine, not knowing anything about the dream. One day, a strange phenomenon occurred without notice; a part of the city disappeared, people's loved ones disappear one after another, and sends the entire nation into chaos. The vanished part of the city appeared in an alternate dimension, called Wonder World, an endless dimension as big as pages from a book. The dimension is home to magical creatures that attack without hesitation, sending the people in fear and confusion. As Touma and Mei are caught in this phenomenon, the attack reminds Touma of his dream as he is attacked by a mysterious monster. \"I will definitely bring the city back to the original world!\" As if it was responding to his very will, Touma harnesses the power of the red Dragon as it merges into his body, turning him into the Swordsman of Fire. The battle between the real world and Wonder World has an ending, and its destiny is in his hands.</p>", "updated": 1652367705, "_links": {"self": {"href": "https://api.tvmaze.com/shows/61307"}, "previousepisode": {"href": "https://api.tvmaze.com/episodes/2303572"}}}}}, {"id": 2311214, "url": "https://www.tvmaze.com/episodes/2311214/ano-ko-no-yume-wo-mitan-desu-1x12-real", "name": "\"Real?\"", "season": 1, "number": 12, "type": "regular", "airdate": "2020-12-19", "airtime": "00:15", "airstamp": "2020-12-19T15:15:00+00:00", "runtime": 29, "rating": {"average": null}, "image": {"medium": "https://static.tvmaze.com/uploads/images/medium_landscape/404/1010042.jpg", "original": "https://static.tvmaze.com/uploads/images/original_untouched/404/1010042.jpg"}, "summary": "<p>Always alone at school, Yamasato was able to live away from reality by writing his fantasy stories in his notebook. In the story, he is the center of the world, and the heroine, by default, is Ai (Hashimoto Ai), the popular girl at the school. But one day when he opened his notebook, he found the rest of the story he had never written...\u00a0</p>", "_links": {"self": {"href": "https://api.tvmaze.com/episodes/2311214"}}, "_embedded": {"show": {"id": 61536, "url": "https://www.tvmaze.com/shows/61536/ano-ko-no-yume-wo-mitan-desu", "name": "Ano ko no Yume wo Mitan Desu", "type": "Scripted", "language": "Japanese", "genres": ["Drama", "Romance", "Mystery"], "status": "Ended", "runtime": 30, "averageRuntime": 29, "premiered": "2020-10-03", "ended": "2020-12-19", "officialSite": "https://www.tv-tokyo.co.jp/anoyume/intro/", "schedule": {"time": "00:15", "days": ["Saturday"]}, "rating": {"average": null}, "weight": 1, "network": {"id": 76, "name": "TV Tokyo", "country": {"name": "Japan", "code": "JP", "timezone": "Asia/Tokyo"}, "officialSite": null}, "webChannel": {"id": 342, "name": "Paravi", "country": {"name": "Japan", "code": "JP", "timezone": "Asia/Tokyo"}, "officialSite": null}, "dvdCountry": null, "externals": {"tvrage": null, "thetvdb": 389417, "imdb": null}, "image": {"medium": "https://static.tvmaze.com/uploads/images/medium_portrait/403/1008990.jpg", "original": "https://static.tvmaze.com/uploads/images/original_untouched/403/1008990.jpg"}, "summary": "<p>Comedian Yamasato Ryota enters a cafe to prepare a story. Trivial incidents unfold there with the staff, TV people, the manager, and a handsome office worker. Little things bother them, and Yamasato's annoyance reaches its limit. He pulls up his glasses, opens his notebook, and begins to write a story featuring a real-life actress in his notebook. For Yamasato, escaping reality is a \"dream time\" where he can forget the bad things. This is the start of Ryota Yamazato's fantasy story with the latest actresses and idols as the heroines!\u00a0<br />\u00a0</p>", "updated": 1649792655, "_links": {"self": {"href": "https://api.tvmaze.com/shows/61536"}, "previousepisode": {"href": "https://api.tvmaze.com/episodes/2311214"}}}}}, {"id": 1984911, "url": "https://www.tvmaze.com/episodes/1984911/rwby-8x07-war", "name": "War", "season": 8, "number": 7, "type": "regular", "airdate": "2020-12-19", "airtime": "11:00", "airstamp": "2020-12-19T16:00:00+00:00", "runtime": 15, "rating": {"average": 6.5}, "image": {"medium": "https://static.tvmaze.com/uploads/images/medium_landscape/290/727216.jpg", "original": "https://static.tvmaze.com/uploads/images/original_untouched/290/727216.jpg"}, "summary": "<p><b>\"</b><i>It's all out war in Atlas. Our heroes face an impossible problem. Where do they go from here?</i><b>\"</b></p>", "_links": {"self": {"href": "https://api.tvmaze.com/episodes/1984911"}}, "_embedded": {"show": {"id": 4091, "url": "https://www.tvmaze.com/shows/4091/rwby", "name": "RWBY", "type": "Animation", "language": "English", "genres": ["Action", "Adventure", "Anime", "Science-Fiction"], "status": "Running", "runtime": 15, "averageRuntime": 13, "premiered": "2013-07-18", "ended": null, "officialSite": "https://roosterteeth.com/series/rwby", "schedule": {"time": "", "days": ["Saturday"]}, "rating": {"average": 7.7}, "weight": 93, "network": null, "webChannel": {"id": 32, "name": "Rooster Teeth", "country": {"name": "United States", "code": "US", "timezone": "America/New_York"}, "officialSite": null}, "dvdCountry": null, "externals": {"tvrage": null, "thetvdb": 263999, "imdb": "tt3066242"}, "image": {"medium": "https://static.tvmaze.com/uploads/images/medium_portrait/411/1029949.jpg", "original": "https://static.tvmaze.com/uploads/images/original_untouched/411/1029949.jpg"}, "summary": "<p>The future-fantasy world of Remnant is filled with ravenous monsters, treacherous terrain, and more villains than you can shake a sniper-scythe at. Fortunately, Beacon Academy is training Huntsman and Huntresses to battle the evils of the world, and Ruby, Weiss, Blake, and Yang are ready for their first day of class.</p>", "updated": 1658922268, "_links": {"self": {"href": "https://api.tvmaze.com/shows/4091"}, "previousepisode": {"href": "https://api.tvmaze.com/episodes/2047617"}}}}}, {"id": 1961288, "url": "https://www.tvmaze.com/episodes/1961288/wwe-talking-smack-2020-12-19-december-19-2020", "name": "December 19, 2020", "season": 2020, "number": 18, "type": "regular", "airdate": "2020-12-19", "airtime": "", "airstamp": "2020-12-19T17:00:00+00:00", "runtime": 30, "rating": {"average": null}, "image": null, "summary": null, "_links": {"self": {"href": "https://api.tvmaze.com/episodes/1961288"}}, "_embedded": {"show": {"id": 19667, "url": "https://www.tvmaze.com/shows/19667/wwe-talking-smack", "name": "WWE Talking Smack", "type": "Talk Show", "language": "English", "genres": ["Sports"], "status": "Running", "runtime": 30, "averageRuntime": 30, "premiered": "2016-08-02", "ended": null, "officialSite": "http://www.wwe.com/shows/wwe-talking-smack", "schedule": {"time": "", "days": ["Saturday"]}, "rating": {"average": null}, "weight": 36, "network": null, "webChannel": {"id": 15, "name": "WWE Network", "country": {"name": "United States", "code": "US", "timezone": "America/New_York"}, "officialSite": null}, "dvdCountry": null, "externals": {"tvrage": null, "thetvdb": 316690, "imdb": null}, "image": {"medium": "https://static.tvmaze.com/uploads/images/medium_portrait/401/1002869.jpg", "original": "https://static.tvmaze.com/uploads/images/original_untouched/401/1002869.jpg"}, "summary": "<p>On <b>WWE Talking Smack</b>, Renee Young catches up with your favorite SmackDown Superstars after \"Smackdown Live\" airs on the USA Network to hear their thoughts on all of that evening's action.</p>", "updated": 1648133418, "_links": {"self": {"href": "https://api.tvmaze.com/shows/19667"}, "previousepisode": {"href": "https://api.tvmaze.com/episodes/2247487"}}}}}, {"id": 2042789, "url": "https://www.tvmaze.com/episodes/2042789/ufc-fight-pass-prelims-2020-12-19-ufc-fight-night-198-thompson-vs-neal-prelims", "name": "UFC Fight Night 198: Thompson vs. Neal Prelims", "season": 2020, "number": 54, "type": "regular", "airdate": "2020-12-19", "airtime": "", "airstamp": "2020-12-19T17:00:00+00:00", "runtime": 60, "rating": {"average": null}, "image": null, "summary": null, "_links": {"self": {"href": "https://api.tvmaze.com/episodes/2042789"}}, "_embedded": {"show": {"id": 25294, "url": "https://www.tvmaze.com/shows/25294/ufc-fight-pass-prelims", "name": "UFC Fight Pass Prelims", "type": "Sports", "language": "English", "genres": [], "status": "Running", "runtime": 60, "averageRuntime": 74, "premiered": "2017-01-15", "ended": null, "officialSite": "https://www.ufc.tv/page/fightpass", "schedule": {"time": "", "days": ["Saturday"]}, "rating": {"average": null}, "weight": 39, "network": null, "webChannel": {"id": 45, "name": "UFC Fight Pass", "country": {"name": "United States", "code": "US", "timezone": "America/New_York"}, "officialSite": null}, "dvdCountry": null, "externals": {"tvrage": null, "thetvdb": null, "imdb": null}, "image": {"medium": "https://static.tvmaze.com/uploads/images/medium_portrait/398/996679.jpg", "original": "https://static.tvmaze.com/uploads/images/original_untouched/398/996679.jpg"}, "summary": "<p>Televised undercard bouts from UFC Pay-Per-Views and UFC Fight Nights exclusively on UFC Fight Pass.</p>", "updated": 1646528986, "_links": {"self": {"href": "https://api.tvmaze.com/shows/25294"}, "previousepisode": {"href": "https://api.tvmaze.com/episodes/2230458"}}}}}, {"id": 1988690, "url": "https://www.tvmaze.com/episodes/1988690/um-actually-4x10-magic-the-gathering", "name": "Magic: the Gathering", "season": 4, "number": 10, "type": "regular", "airdate": "2020-12-19", "airtime": "", "airstamp": "2020-12-19T17:00:00+00:00", "runtime": 30, "rating": {"average": null}, "image": null, "summary": null, "_links": {"self": {"href": "https://api.tvmaze.com/episodes/1988690"}}, "_embedded": {"show": {"id": 50839, "url": "https://www.tvmaze.com/shows/50839/um-actually", "name": "Um, Actually...", "type": "Game Show", "language": "English", "genres": [], "status": "Running", "runtime": 30, "averageRuntime": 30, "premiered": "2018-09-28", "ended": null, "officialSite": null, "schedule": {"time": "", "days": []}, "rating": {"average": null}, "weight": 33, "network": null, "webChannel": {"id": 228, "name": "Collegehumor", "country": {"name": "United States", "code": "US", "timezone": "America/New_York"}, "officialSite": null}, "dvdCountry": null, "externals": {"tvrage": null, "thetvdb": 356085, "imdb": "tt9690112"}, "image": {"medium": "https://static.tvmaze.com/uploads/images/medium_portrait/275/689839.jpg", "original": "https://static.tvmaze.com/uploads/images/original_untouched/275/689839.jpg"}, "summary": "<p>Introducing a game show of fandom minutiae one-upmanship, where nerds do what nerds do best: flaunt encyclopedic nerd knowledge at Millennium Falcon nerd-speed.</p>", "updated": 1662891109, "_links": {"self": {"href": "https://api.tvmaze.com/shows/50839"}, "previousepisode": {"href": "https://api.tvmaze.com/episodes/2391219"}}}}}, {"id": 1943281, "url": "https://www.tvmaze.com/episodes/1943281/rail-romanesque-1x12-departure-onwards", "name": "Departure! Onwards!", "season": 1, "number": 12, "type": "regular", "airdate": "2020-12-19", "airtime": "", "airstamp": "2020-12-19T17:00:00+00:00", "runtime": 5, "rating": {"average": null}, "image": null, "summary": null, "_links": {"self": {"href": "https://api.tvmaze.com/episodes/1943281"}}, "_embedded": {"show": {"id": 50939, "url": "https://www.tvmaze.com/shows/50939/rail-romanesque", "name": "Rail Romanesque", "type": "Animation", "language": "Japanese", "genres": ["Comedy", "Anime", "Science-Fiction"], "status": "Ended", "runtime": 5, "averageRuntime": 5, "premiered": "2020-10-03", "ended": "2020-12-19", "officialSite": "https://railromanesque.jp", "schedule": {"time": "", "days": ["Saturday"]}, "rating": {"average": null}, "weight": 23, "network": null, "webChannel": {"id": 20, "name": "Crunchyroll", "country": null, "officialSite": null}, "dvdCountry": null, "externals": {"tvrage": null, "thetvdb": 386577, "imdb": "tt12584900"}, "image": {"medium": "https://static.tvmaze.com/uploads/images/medium_portrait/276/691347.jpg", "original": "https://static.tvmaze.com/uploads/images/original_untouched/276/691347.jpg"}, "summary": "<p>Set in Hinomoto, a fictional version of Japan, where for a long time railway travel served as the most important form of transport. Each locomotive was paired with a humanoid control module, so-called Raillord, that aided the train operator. However, many rail lines had been discontinued due to the rising popularity of \"aerocrafts,\" a safe and convenient aerial mode of transport. As such, their accompanying railroads also went into a deep sleep. Soutetsu had lost his entire family in a rail accident and was adopted into the Migita household, which runs a shochu brewery in the city of Ohitoyo. He returned to his hometown to save it from the potential water pollution that would occur if they accepted the proposal to build an aerocraft factory nearby. He woke up the Raillord Hachiroku by accident and became her owner. For different purposes, they agreed to help find her lost locomotive, with the help of his stepsister Hibiki, the town's mayor and local railway chief, Paulette and others.</p>", "updated": 1645753159, "_links": {"self": {"href": "https://api.tvmaze.com/shows/50939"}, "previousepisode": {"href": "https://api.tvmaze.com/episodes/1943281"}}}}}, {"id": 2037520, "url": "https://www.tvmaze.com/episodes/2037520/lovely-bites-by-chef-lovely-1x06-dinner-made-with-love", "name": "Dinner Made with Love", "season": 1, "number": 6, "type": "regular", "airdate": "2020-12-19", "airtime": "", "airstamp": "2020-12-19T17:00:00+00:00", "runtime": 25, "rating": {"average": null}, "image": {"medium": "https://static.tvmaze.com/uploads/images/medium_landscape/329/823876.jpg", "original": "https://static.tvmaze.com/uploads/images/original_untouched/329/823876.jpg"}, "summary": "<p>Chef Lovely creates an elegant dinner for close friends. She makes her Roasted Chicken with Pomegranate Glaze, Green Beans Over Lemon Ricotta and Sweet Potato and Gruyere Gratin. Plus, there's an Upside-Down Pear Tart for dessert. You can taste the love!</p>", "_links": {"self": {"href": "https://api.tvmaze.com/episodes/2037520"}}, "_embedded": {"show": {"id": 53754, "url": "https://www.tvmaze.com/shows/53754/lovely-bites-by-chef-lovely", "name": "Lovely Bites by Chef Lovely", "type": "Reality", "language": "English", "genres": [], "status": "Running", "runtime": 25, "averageRuntime": 25, "premiered": "2020-11-14", "ended": null, "officialSite": "https://www.oprah.com/app/lovely-bites.html", "schedule": {"time": "", "days": []}, "rating": {"average": null}, "weight": 20, "network": {"id": 236, "name": "Oprah Winfrey Network", "country": {"name": "United States", "code": "US", "timezone": "America/New_York"}, "officialSite": null}, "webChannel": null, "dvdCountry": null, "externals": {"tvrage": null, "thetvdb": 394876, "imdb": "tt13399538"}, "image": {"medium": "https://static.tvmaze.com/uploads/images/medium_portrait/297/744528.jpg", "original": "https://static.tvmaze.com/uploads/images/original_untouched/297/744528.jpg"}, "summary": "<p>Chef Connie \"Lovely\" Jackson brings the fun with recipes that are perfect for entertaining and celebrating festive occasions. <b>Lovely Bites</b> is produced for OWN by FishBowl Worldwide Media.</p>", "updated": 1623829529, "_links": {"self": {"href": "https://api.tvmaze.com/shows/53754"}, "previousepisode": {"href": "https://api.tvmaze.com/episodes/2113588"}}}}}, {"id": 1983274, "url": "https://www.tvmaze.com/episodes/1983274/eides-spraksjov-6x05-gudbrandsdalen-avdeling-troms", "name": "Gudbrandsdalen, avdeling Troms", "season": 6, "number": 5, "type": "regular", "airdate": "2020-12-19", "airtime": "21:50", "airstamp": "2020-12-19T20:50:00+00:00", "runtime": 50, "rating": {"average": null}, "image": null, "summary": null, "_links": {"self": {"href": "https://api.tvmaze.com/episodes/1983274"}}, "_embedded": {"show": {"id": 51631, "url": "https://www.tvmaze.com/shows/51631/eides-spraksjov", "name": "Eides spr\u00e5ksjov", "type": "Talk Show", "language": "Norwegian", "genres": ["Comedy"], "status": "Running", "runtime": null, "averageRuntime": 43, "premiered": "2017-01-11", "ended": null, "officialSite": "https://tv.nrk.no/serie/eides-spraaksjov", "schedule": {"time": "", "days": ["Saturday"]}, "rating": {"average": null}, "weight": 3, "network": null, "webChannel": {"id": 238, "name": "NRK TV", "country": {"name": "Norway", "code": "NO", "timezone": "Europe/Oslo"}, "officialSite": null}, "dvdCountry": null, "externals": {"tvrage": null, "thetvdb": 322906, "imdb": "tt8851444"}, "image": {"medium": "https://static.tvmaze.com/uploads/images/medium_portrait/280/701389.jpg", "original": "https://static.tvmaze.com/uploads/images/original_untouched/280/701389.jpg"}, "summary": "<p>Entertainment from here to the moon when Linda Eide and guests pay tribute and joke with language.</p>", "updated": 1650016918, "_links": {"self": {"href": "https://api.tvmaze.com/shows/51631"}, "previousepisode": {"href": "https://api.tvmaze.com/episodes/2297850"}}}}}, {"id": 1984914, "url": "https://www.tvmaze.com/episodes/1984914/onyx-equinox-1x05-predation", "name": "Predation", "season": 1, "number": 5, "type": "regular", "airdate": "2020-12-19", "airtime": "16:00", "airstamp": "2020-12-19T21:00:00+00:00", "runtime": 24, "rating": {"average": 8}, "image": null, "summary": "<p>As the group heads for Danibaan, one of them suffers a horrifying injury. With nowhere left to turn, they seek help from a mysterious healer.</p>", "_links": {"self": {"href": "https://api.tvmaze.com/episodes/1984914"}}, "_embedded": {"show": {"id": 48922, "url": "https://www.tvmaze.com/shows/48922/onyx-equinox", "name": "Onyx Equinox", "type": "Animation", "language": "English", "genres": ["Action", "Adventure", "Fantasy"], "status": "Ended", "runtime": 24, "averageRuntime": 24, "premiered": "2020-11-21", "ended": "2020-12-26", "officialSite": "https://www.crunchyroll.com/onyx-equinox", "schedule": {"time": "16:00", "days": ["Saturday"]}, "rating": {"average": 5}, "weight": 46, "network": null, "webChannel": {"id": 20, "name": "Crunchyroll", "country": null, "officialSite": null}, "dvdCountry": null, "externals": {"tvrage": null, "thetvdb": 377625, "imdb": "tt12605636"}, "image": {"medium": "https://static.tvmaze.com/uploads/images/medium_portrait/263/658930.jpg", "original": "https://static.tvmaze.com/uploads/images/original_untouched/263/658930.jpg"}, "summary": "<p>A young Aztec boy is saved from death by the gods and chosen to act as \u2018humanity's champion,' forced to discard his apathy toward his fellow man and prove humanity's potential in a fight that spans across fantastical-yet-authentic Mesoamerican cultures.</p>", "updated": 1609359827, "_links": {"self": {"href": "https://api.tvmaze.com/shows/48922"}, "previousepisode": {"href": "https://api.tvmaze.com/episodes/1990352"}}}}}, {"id": 1984187, "url": "https://www.tvmaze.com/episodes/1984187/ufc-fight-night-2020-12-19-ufc-fight-night-183-thompson-vs-neal", "name": "UFC Fight Night 183: Thompson vs. Neal", "season": 2020, "number": 30, "type": "regular", "airdate": "2020-12-19", "airtime": "22:00", "airstamp": "2020-12-20T03:00:00+00:00", "runtime": 335, "rating": {"average": null}, "image": {"medium": "https://static.tvmaze.com/uploads/images/medium_landscape/288/721046.jpg", "original": "https://static.tvmaze.com/uploads/images/original_untouched/288/721046.jpg"}, "summary": null, "_links": {"self": {"href": "https://api.tvmaze.com/episodes/1984187"}}, "_embedded": {"show": {"id": 1596, "url": "https://www.tvmaze.com/shows/1596/ufc-fight-night", "name": "UFC Fight Night", "type": "Sports", "language": "English", "genres": [], "status": "Running", "runtime": 120, "averageRuntime": 194, "premiered": "2005-08-06", "ended": null, "officialSite": "http://www.ufc.com/", "schedule": {"time": "22:00", "days": ["Saturday"]}, "rating": {"average": 7.7}, "weight": 96, "network": null, "webChannel": {"id": 265, "name": "ESPN+", "country": {"name": "United States", "code": "US", "timezone": "America/New_York"}, "officialSite": null}, "dvdCountry": null, "externals": {"tvrage": 15090, "thetvdb": null, "imdb": null}, "image": {"medium": "https://static.tvmaze.com/uploads/images/medium_portrait/293/734642.jpg", "original": "https://static.tvmaze.com/uploads/images/original_untouched/293/734642.jpg"}, "summary": "<p><b>UFC Fight Night</b> is a part of the Ultimate Fighting Championship (UFC) which is the largest mixed martial arts promotion company in the world featuring most of the top-ranked fighters in the sport. Based in the United States, the UFC produces events worldwide. The organization showcases nine weight divisions and abides by the Unified Rules of Mixed Martial Arts. The UFC has held over 300 events to date. Dana White serves as the president of the UFC while brothers Frank and Lorenzo Fertitta control the UFC's parent company, Zuffa, LLC. The first UFC event was held on November 12, 1993 at the McNichols Sports Arena in Denver, Colorado. The purpose of the early UFC competitions was to identify the most effective martial art in a real fight between competitors of different fighting disciplines, including boxing, Brazilian jiu-jitsu, Sambo, wrestling, Muay Thai, karate, judo, and other styles. In subsequent competitions, fighters began adopting effective techniques from more than one discipline, which indirectly helped create an entirely separate style of fighting known as present-day mixed martial arts.</p>", "updated": 1663430644, "_links": {"self": {"href": "https://api.tvmaze.com/shows/1596"}, "previousepisode": {"href": "https://api.tvmaze.com/episodes/2343874"}, "nextepisode": {"href": "https://api.tvmaze.com/episodes/2343875"}}}}}]