embedded_show_webChannel_id,embedded_show_webChannel_name,embedded_show_webChannel_country_name,embedded_show_webChannel_country_code,embedded_show_webChannel_country_timezone,embedded_show_webChannel_officialSite
122.0,V LIVE,"Korea, Republic of",KR,Asia/Seoul,https://www.vlive.tv/home
510.0,Epic Media,Russian Federation,RU,Asia/Kamchatka,
381.0,КиноПоиск HD,Russian Federation,RU,Asia/Kamchatka,https://hd.kinopoisk.ru/
51.0,Bilibili,China,CN,Asia/Shanghai,
104.0,Tencent QQ,China,CN,Asia/Shanghai,https://v.qq.com/
342.0,Paravi,Japan,JP,Asia/Tokyo,
346.0,Weverse,"Korea, Republic of",KR,Asia/Seoul,https://www.weverse.io/
507.0,filimo,"Iran, Islamic Republic of",IR,Asia/Tehran,
208.0,VK.com,Russian Federation,RU,Asia/Kamchatka,
238.0,NRK TV,Norway,NO,Europe/Oslo,
99.0,Rutube,Russian Federation,RU,Asia/Kamchatka,
54.0,ITV Hub,United Kingdom,GB,Europe/London,
452.0,Aitube.kz,Kazakhstan,KZ,Asia/Qyzylorda,
222.0,BluTV,Turkey,TR,Europe/Istanbul,
439.0,Exxen,Turkey,TR,Europe/Istanbul,
327.0,TV 2 Play,Norway,NO,Europe/Oslo,
21.0,YouTube,,,,https://www.youtube.com
202.0,Facebook Watch,,,,
245.0,Start,Russian Federation,RU,Asia/Kamchatka,
43.0,YouTube Premium,,,,
319.0,FiteTV,,,,
103.0,Viaplay,,,,https://viaplay.com
458.0,Watch iT!,Egypt,EG,Africa/Cairo,
67.0,iQIYI,,,,https://www.iq.com/
118.0,Youku,China,CN,Asia/Shanghai,
420.0,PBS,United States,US,America/New_York,
1.0,Netflix,,,,https://www.netflix.com/
379.0,Shahid,,,,
173.0,discovery+,,,,https://www.discoveryplus.com/
30.0,Naver TVCast,"Korea, Republic of",KR,Asia/Seoul,https://tv.naver.com/
119.0,FOD,Japan,JP,Asia/Tokyo,
102.0,Twit,United States,US,America/New_York,
2.0,Hulu,United States,US,America/New_York,https://www.hulu.com/
274.0,Brat,United States,US,America/New_York,
380.0,Seezn,"Korea, Republic of",KR,Asia/Seoul,https://www.seezntv.com/
226.0,Mango TV,China,CN,Asia/Shanghai,https://w.mgtv.com/
240.0,Melon,"Korea, Republic of",KR,Asia/Seoul,https://www.melon.com/tv/index.htm
160.0,NJPW World,Japan,JP,Asia/Tokyo,
191.0,Viafree,,,,
195.0,WOW Presents Plus,,,,http://www.wowpresentsplus.com
88.0,LINE TV,,,,https://www.linetv.tw/
131.0,Globoplay,Brazil,BR,America/Noronha,
15.0,WWE Network,United States,US,America/New_York,
311.0,Dropout,United States,US,America/New_York,
83.0,DisneyNOW,United States,US,America/New_York,
20.0,Crunchyroll,,,,
246.0,more.tv,Russian Federation,RU,Asia/Kamchatka,
337.0,ivi,Russian Federation,RU,Asia/Kamchatka,https://www.ivi.ru/
294.0,Kakao TV,"Korea, Republic of",KR,Asia/Seoul,https://tv.kakao.com/top
281.0,Premier,Russian Federation,RU,Asia/Kamchatka,
12.0,Videoland,Netherlands,NL,Europe/Amsterdam,https://www.videoland.com/
356.0,Joyn,Germany,DE,Europe/Busingen,
416.0,VTM GO,Belgium,BE,Europe/Brussels,
107.0,Paramount+,,,,https://www.paramountplus.com/
304.0,twitch,,,,
329.0,HBO Max,,,,https://www.hbomax.com/
237.0,VICE Video,,,,
384.0,iWantTFC,Philippines,PH,Asia/Manila,
351.0,BET+,United States,US,America/New_York,
209.0,ALLBLK,United States,US,America/New_York,
352.0,ZDFmediathek,Germany,DE,Europe/Busingen,
405.0,SonyLIV,India,IN,Asia/Kolkata,
169.0,Movistar+,Spain,ES,Europe/Madrid,
328.0,VGTV,Norway,NO,Europe/Oslo,
410.0,Streamz,Belgium,BE,Europe/Brussels,
434.0,HBO España,Spain,ES,Europe/Madrid,
287.0,Disney+,,,,https://www.disneyplus.com/
3.0,Prime Video,,,,https://www.primevideo.com
310.0,Apple TV+,,,,https://tv.apple.com/
538.0,Heavenly,"Korea, Republic of",KR,Asia/Seoul,
440.0,OPTO | SIC,Portugal,PT,Europe/Lisbon,
73.0,CC: Studios,United States,US,America/New_York,
347.0,Peacock,United States,US,America/New_York,https://www.peacocktv.com/
228.0,Collegehumor,United States,US,America/New_York,
94.0,History Channel,,,,https://www.history.com
464.0,SwearNet,Canada,CA,America/Halifax,https://www.swearnet.com
56.0,Seasonvar,Russian Federation,RU,Asia/Kamchatka,
367.0,WeTV,,,,https://wetv.vip/
533.0,TELASA,Japan,JP,Asia/Tokyo,
32.0,Rooster Teeth,United States,US,America/New_York,
45.0,UFC Fight Pass,United States,US,America/New_York,
265.0,ESPN+,United States,US,America/New_York,
408.0,DDTUniverse,Japan,JP,Asia/Tokyo,
377.0,ATRESplayer PREMIUM,Spain,ES,Europe/Madrid,
190.0,SVT Play,Sweden,SE,Europe/Stockholm,
170.0,C More,Sweden,SE,Europe/Stockholm,
321.0,StardomWorld,,,,
22.0,HBO Go,,,,
443.0,Planetscum,,,,
331.0,Zeus,United States,US,America/New_York,
413.0,Food Network Kitchen,,,,
428.0,TVB Anywhere,Hong Kong,HK,Asia/Hong_Kong,
431.0,UEFA.tv,,,,
516.0,Tastemade,,,,
518.0,Go3,,,,
153.0,Puhu TV,Turkey,TR,Europe/Istanbul,
40.0,Blip,United States,US,America/New_York,
368.0,RTL+,Germany,DE,Europe/Busingen,
52.0,All 4,United Kingdom,GB,Europe/London,https://www.channel4.com/
366.0,Okko,Russian Federation,RU,Asia/Kamchatka,
365.0,iflix,Malaysia,MY,Asia/Kuching,
426.0,Binge,Bangladesh,BD,Asia/Dhaka,
252.0,France tv slash,France,FR,Europe/Paris,
117.0,Sky Go,United Kingdom,GB,Europe/London,https://www.sky.com/watch/sky-go/windows
358.0,ZEE5,India,IN,Asia/Kolkata,
164.0,Disney+ Hotstar,,,,
376.0,Cosmote TV,Greece,GR,Europe/Athens,
220.0,Yle Areena,Finland,FI,Europe/Helsinki,
213.0,Shudder,United States,US,America/New_York,
417.0,Independentwrestling TV,,,,
149.0,ABC iView,Australia,AU,Australia/Sydney,
71.0,BBC Three,United Kingdom,GB,Europe/London,https://www.bbc.co.uk/bbcthree
388.0,VidAngel,United States,US,America/New_York,
315.0,Showtime on Demand,United States,US,America/New_York,
262.0,myTV SUPER,Hong Kong,HK,Asia/Hong_Kong,
498.0,Viddsee,,,,
295.0,Sky Go,Germany,DE,Europe/Busingen,
506.0,DCFanDome.com,,,,
216.0,Vidol,"Taiwan, Province of China",TW,Asia/Taipei,
114.0,wavve,"Korea, Republic of",KR,Asia/Seoul,https://www.wavve.com/
112.0,Pikicast,"Korea, Republic of",KR,Asia/Seoul,https://www.pikicast.com/
409.0,beIN CONNECT,Turkey,TR,Europe/Istanbul,
303.0,bon appétit video,United States,US,America/New_York,
396.0,Hoichoi,India,IN,Asia/Kolkata,
31.0,Vimeo,,,,
445.0,CTI TV,"Taiwan, Province of China",TW,Asia/Taipei,
493.0,Player,Poland,PL,Europe/Warsaw,
414.0,Blued,China,CN,Asia/Shanghai,
335.0,ALT Balaji,India,IN,Asia/Kolkata,
372.0,AIS Play,Thailand,TH,Asia/Bangkok,https://aisplay.ais.co.th/portal/
109.0,CraveTV,Canada,CA,America/Halifax,
26.0,BBC iPlayer,United Kingdom,GB,Europe/London,https://www.bbc.co.uk/iplayer
425.0,Addatimes,India,IN,Asia/Kolkata,
399.0,GagaOOLala,,,,
330.0,HBO Nordic,,,,
436.0,discovery+,United States,US,America/New_York,
529.0,The Hole,Russian Federation,RU,Asia/Kamchatka,https://the-hole.tv/
471.0,DR TV,Denmark,DK,Europe/Copenhagen,https://dr.dk/drtv
447.0,GAIN,Turkey,TR,Europe/Istanbul,
188.0,CuriosityStream,United States,US,America/New_York,
