{"remove":{"path":"part-00000-14e305d3-3caa-416a-bddb-0255175a5b29-c000.snappy.parquet","deletionTimestamp":1663506117924,"dataChange":true,"extendedFileMetadata":true,"partitionValues":{},"size":2511,"tags":{"INSERTION_TIME":"1663504696000000","OPTIMIZE_TARGET_SIZE":"268435456"}}}
{"remove":{"path":"part-00001-8158e783-a97d-41cd-bcec-c46416d77f6b-c000.snappy.parquet","deletionTimestamp":1663506117924,"dataChange":true,"extendedFileMetadata":true,"partitionValues":{},"size":2488,"tags":{"INSERTION_TIME":"1663504696000001","OPTIMIZE_TARGET_SIZE":"268435456"}}}
{"remove":{"path":"part-00002-07111986-c415-4003-a7f2-e50c96457ecc-c000.snappy.parquet","deletionTimestamp":1663506117924,"dataChange":true,"extendedFileMetadata":true,"partitionValues":{},"size":2635,"tags":{"INSERTION_TIME":"1663504696000002","OPTIMIZE_TARGET_SIZE":"268435456"}}}
{"remove":{"path":"part-00003-8f5c5ecf-f43d-4f8b-8039-ac169ae02e27-c000.snappy.parquet","deletionTimestamp":1663506117924,"dataChange":true,"extendedFileMetadata":true,"partitionValues":{},"size":2499,"tags":{"INSERTION_TIME":"1663504696000003","OPTIMIZE_TARGET_SIZE":"268435456"}}}
{"remove":{"path":"part-00004-fcc2688e-548f-43a8-b029-e7b151598397-c000.snappy.parquet","deletionTimestamp":1663506117924,"dataChange":true,"extendedFileMetadata":true,"partitionValues":{},"size":2490,"tags":{"INSERTION_TIME":"1663504696000004","OPTIMIZE_TARGET_SIZE":"268435456"}}}
{"remove":{"path":"part-00005-9d735264-aff5-4a1a-b629-bfe5019a7197-c000.snappy.parquet","deletionTimestamp":1663506117924,"dataChange":true,"extendedFileMetadata":true,"partitionValues":{},"size":2748,"tags":{"INSERTION_TIME":"1663504696000005","OPTIMIZE_TARGET_SIZE":"268435456"}}}
{"remove":{"path":"part-00006-c9d10ee8-41a8-4ec7-a9b4-5278af6b9f65-c000.snappy.parquet","deletionTimestamp":1663506117924,"dataChange":true,"extendedFileMetadata":true,"partitionValues":{},"size":2486,"tags":{"INSERTION_TIME":"1663504696000006","OPTIMIZE_TARGET_SIZE":"268435456"}}}
{"remove":{"path":"part-00007-a183ab9a-fc7a-40c5-ba85-54c3879e1463-c000.snappy.parquet","deletionTimestamp":1663506117924,"dataChange":true,"extendedFileMetadata":true,"partitionValues":{},"size":2781,"tags":{"INSERTION_TIME":"1663504696000007","OPTIMIZE_TARGET_SIZE":"268435456"}}}
{"commitInfo":{"timestamp":1663506117924,"userId":"8534114395324379","userName":"jramirez@iwco.co","operation":"WRITE","operationParameters":{"mode":"Overwrite","partitionBy":"[]"},"notebook":{"notebookId":"580977330729499"},"clusterId":"0917-171652-htk1q29x","readVersion":8,"isolationLevel":"WriteSerializable","isBlindAppend":false,"operationMetrics":{"numFiles":"0","numOutputRows":"0","numOutputBytes":"0"},"engineInfo":"Databricks-Runtime/10.4.x-scala2.12","txnId":"94b5ee56-9761-4a86-84ab-05a48613880f"}}
