{"add":{"path":"part-00000-14e305d3-3caa-416a-bddb-0255175a5b29-c000.snappy.parquet","partitionValues":{},"size":2511,"modificationTime":1663504696000,"dataChange":true,"stats":"{\"numRecords\":5,\"minValues\":{\"embedded_show_network_id\":308.0,\"embedded_show_network_name\":\"CCTV-1\",\"embedded_show_network_country_name\":\"China\",\"embedded_show_network_country_cod\":\"CN\",\"embedded_show_network_country_timezone\":\"Africa/Cairo\"},\"maxValues\":{\"embedded_show_network_id\":1683.0,\"embedded_show_network_name\":\"ТНТ\",\"embedded_show_network_country_name\":\"Russian Federation\",\"embedded_show_network_country_cod\":\"RU\",\"embedded_show_network_country_timezone\":\"Asia/Shanghai\"},\"nullCount\":{\"embedded_show_network_id\":0,\"embedded_show_network_name\":0,\"embedded_show_network_country_name\":0,\"embedded_show_network_country_cod\":0,\"embedded_show_network_country_timezone\":0,\"embedded_show_network_officialSite\":5}}","tags":{"INSERTION_TIME":"1663504696000000","OPTIMIZE_TARGET_SIZE":"268435456"}}}
{"add":{"path":"part-00001-8158e783-a97d-41cd-bcec-c46416d77f6b-c000.snappy.parquet","partitionValues":{},"size":2488,"modificationTime":1663504697000,"dataChange":true,"stats":"{\"numRecords\":5,\"minValues\":{\"embedded_show_network_id\":23.0,\"embedded_show_network_name\":\"Comedy Central\",\"embedded_show_network_country_name\":\"Japan\",\"embedded_show_network_country_cod\":\"JP\",\"embedded_show_network_country_timezone\":\"America/New_York\"},\"maxValues\":{\"embedded_show_network_id\":1354.0,\"embedded_show_network_name\":\"TBS\",\"embedded_show_network_country_name\":\"United States\",\"embedded_show_network_country_cod\":\"US\",\"embedded_show_network_country_timezone\":\"Asia/Tokyo\"},\"nullCount\":{\"embedded_show_network_id\":0,\"embedded_show_network_name\":0,\"embedded_show_network_country_name\":0,\"embedded_show_network_country_cod\":0,\"embedded_show_network_country_timezone\":0,\"embedded_show_network_officialSite\":5}}","tags":{"INSERTION_TIME":"1663504696000001","OPTIMIZE_TARGET_SIZE":"268435456"}}}
{"add":{"path":"part-00002-07111986-c415-4003-a7f2-e50c96457ecc-c000.snappy.parquet","partitionValues":{},"size":2635,"modificationTime":1663504696000,"dataChange":true,"stats":"{\"numRecords\":6,\"minValues\":{\"embedded_show_network_id\":112.0,\"embedded_show_network_name\":\"AfricaMagic Showcase\",\"embedded_show_network_country_name\":\"Brazil\",\"embedded_show_network_country_cod\":\"BR\",\"embedded_show_network_country_timezone\":\"Africa/Johannesburg\"},\"maxValues\":{\"embedded_show_network_id\":1862.0,\"embedded_show_network_name\":\"Новий Канал\",\"embedded_show_network_country_name\":\"United States\",\"embedded_show_network_country_cod\":\"ZA\",\"embedded_show_network_country_timezone\":\"Europe/Zaporozhye\"},\"nullCount\":{\"embedded_show_network_id\":0,\"embedded_show_network_name\":0,\"embedded_show_network_country_name\":0,\"embedded_show_network_country_cod\":0,\"embedded_show_network_country_timezone\":0,\"embedded_show_network_officialSite\":6}}","tags":{"INSERTION_TIME":"1663504696000002","OPTIMIZE_TARGET_SIZE":"268435456"}}}
{"add":{"path":"part-00003-8f5c5ecf-f43d-4f8b-8039-ac169ae02e27-c000.snappy.parquet","partitionValues":{},"size":2499,"modificationTime":1663504696000,"dataChange":true,"stats":"{\"numRecords\":5,\"minValues\":{\"embedded_show_network_id\":30.0,\"embedded_show_network_name\":\"Alarby Television\",\"embedded_show_network_country_name\":\"Egypt\",\"embedded_show_network_country_cod\":\"EG\",\"embedded_show_network_country_timezone\":\"Africa/Cairo\"},\"maxValues\":{\"embedded_show_network_id\":1808.0,\"embedded_show_network_name\":\"USA Network\",\"embedded_show_network_country_name\":\"United States\",\"embedded_show_network_country_cod\":\"US\",\"embedded_show_network_country_timezone\":\"Asia/Tokyo\"},\"nullCount\":{\"embedded_show_network_id\":0,\"embedded_show_network_name\":0,\"embedded_show_network_country_name\":0,\"embedded_show_network_country_cod\":0,\"embedded_show_network_country_timezone\":0,\"embedded_show_network_officialSite\":5}}","tags":{"INSERTION_TIME":"1663504696000003","OPTIMIZE_TARGET_SIZE":"268435456"}}}
{"add":{"path":"part-00004-fcc2688e-548f-43a8-b029-e7b151598397-c000.snappy.parquet","partitionValues":{},"size":2490,"modificationTime":1663504696000,"dataChange":true,"stats":"{\"numRecords\":5,\"minValues\":{\"embedded_show_network_id\":41.0,\"embedded_show_network_name\":\"Disney Channel\",\"embedded_show_network_country_name\":\"China\",\"embedded_show_network_country_cod\":\"CN\",\"embedded_show_network_country_timezone\":\"America/New_York\"},\"maxValues\":{\"embedded_show_network_id\":339.0,\"embedded_show_network_name\":\"TV 2\",\"embedded_show_network_country_name\":\"United States\",\"embedded_show_network_country_cod\":\"US\",\"embedded_show_network_country_timezone\":\"Europe/Oslo\"},\"nullCount\":{\"embedded_show_network_id\":0,\"embedded_show_network_name\":0,\"embedded_show_network_country_name\":0,\"embedded_show_network_country_cod\":0,\"embedded_show_network_country_timezone\":0,\"embedded_show_network_officialSite\":5}}","tags":{"INSERTION_TIME":"1663504696000004","OPTIMIZE_TARGET_SIZE":"268435456"}}}
{"add":{"path":"part-00005-9d735264-aff5-4a1a-b629-bfe5019a7197-c000.snappy.parquet","partitionValues":{},"size":2748,"modificationTime":1663504696000,"dataChange":true,"stats":"{\"numRecords\":6,\"minValues\":{\"embedded_show_network_id\":8.0,\"embedded_show_network_name\":\"HBO\",\"embedded_show_network_country_name\":\"Japan\",\"embedded_show_network_country_cod\":\"JP\",\"embedded_show_network_country_timezone\":\"America/New_York\",\"embedded_show_network_officialSite\":\"https://www.hbo.com/\"},\"maxValues\":{\"embedded_show_network_id\":1320.0,\"embedded_show_network_name\":\"UA:Перший\",\"embedded_show_network_country_name\":\"United States\",\"embedded_show_network_country_cod\":\"US\",\"embedded_show_network_country_timezone\":\"Europe/Zaporozhye\",\"embedded_show_network_officialSite\":\"https://www.hbo.com/\"},\"nullCount\":{\"embedded_show_network_id\":0,\"embedded_show_network_name\":0,\"embedded_show_network_country_name\":0,\"embedded_show_network_country_cod\":0,\"embedded_show_network_country_timezone\":0,\"embedded_show_network_officialSite\":5}}","tags":{"INSERTION_TIME":"1663504696000005","OPTIMIZE_TARGET_SIZE":"268435456"}}}
{"add":{"path":"part-00006-c9d10ee8-41a8-4ec7-a9b4-5278af6b9f65-c000.snappy.parquet","partitionValues":{},"size":2486,"modificationTime":1663504696000,"dataChange":true,"stats":"{\"numRecords\":5,\"minValues\":{\"embedded_show_network_id\":51.0,\"embedded_show_network_name\":\"BBC Four\",\"embedded_show_network_country_name\":\"France\",\"embedded_show_network_country_cod\":\"FR\",\"embedded_show_network_country_timezone\":\"Asia/Kamchatka\"},\"maxValues\":{\"embedded_show_network_id\":755.0,\"embedded_show_network_name\":\"СТС\",\"embedded_show_network_country_name\":\"United Kingdom\",\"embedded_show_network_country_cod\":\"TR\",\"embedded_show_network_country_timezone\":\"Europe/Stockholm\"},\"nullCount\":{\"embedded_show_network_id\":0,\"embedded_show_network_name\":0,\"embedded_show_network_country_name\":0,\"embedded_show_network_country_cod\":0,\"embedded_show_network_country_timezone\":0,\"embedded_show_network_officialSite\":5}}","tags":{"INSERTION_TIME":"1663504696000006","OPTIMIZE_TARGET_SIZE":"268435456"}}}
{"add":{"path":"part-00007-a183ab9a-fc7a-40c5-ba85-54c3879e1463-c000.snappy.parquet","partitionValues":{},"size":2781,"modificationTime":1663504696000,"dataChange":true,"stats":"{\"numRecords\":6,\"minValues\":{\"embedded_show_network_id\":37.0,\"embedded_show_network_name\":\"ABC\",\"embedded_show_network_country_name\":\"Australia\",\"embedded_show_network_country_cod\":\"AU\",\"embedded_show_network_country_timezone\":\"America/New_York\",\"embedded_show_network_officialSite\":\"https://www.abc.net.au/\"},\"maxValues\":{\"embedded_show_network_id\":551.0,\"embedded_show_network_name\":\"Россия 1\",\"embedded_show_network_country_name\":\"United States\",\"embedded_show_network_country_cod\":\"US\",\"embedded_show_network_country_timezone\":\"Europe/London\",\"embedded_show_network_officialSite\":\"https://www.bbc.co.uk/bbctwo\"},\"nullCount\":{\"embedded_show_network_id\":0,\"embedded_show_network_name\":0,\"embedded_show_network_country_name\":0,\"embedded_show_network_country_cod\":0,\"embedded_show_network_country_timezone\":0,\"embedded_show_network_officialSite\":3}}","tags":{"INSERTION_TIME":"1663504696000007","OPTIMIZE_TARGET_SIZE":"268435456"}}}
{"remove":{"path":"part-00000-7a34165d-db71-4885-b0bf-99d10d4def62-c000.snappy.parquet","deletionTimestamp":1663504697301,"dataChange":true,"extendedFileMetadata":true,"partitionValues":{},"size":2511,"tags":{"INSERTION_TIME":"1663504692000000","OPTIMIZE_TARGET_SIZE":"268435456"}}}
{"remove":{"path":"part-00001-5948c306-68de-41d4-b68b-3cfc54a2140a-c000.snappy.parquet","deletionTimestamp":1663504697301,"dataChange":true,"extendedFileMetadata":true,"partitionValues":{},"size":2488,"tags":{"INSERTION_TIME":"1663504692000001","OPTIMIZE_TARGET_SIZE":"268435456"}}}
{"remove":{"path":"part-00002-209c1fee-d714-4a8c-94c4-a7ad0a90c702-c000.snappy.parquet","deletionTimestamp":1663504697301,"dataChange":true,"extendedFileMetadata":true,"partitionValues":{},"size":2635,"tags":{"INSERTION_TIME":"1663504692000002","OPTIMIZE_TARGET_SIZE":"268435456"}}}
{"remove":{"path":"part-00003-b852f364-5d9f-46c1-bc5e-98835893dc5a-c000.snappy.parquet","deletionTimestamp":1663504697301,"dataChange":true,"extendedFileMetadata":true,"partitionValues":{},"size":2499,"tags":{"INSERTION_TIME":"1663504692000003","OPTIMIZE_TARGET_SIZE":"268435456"}}}
{"remove":{"path":"part-00004-121b5cb6-1de8-49c0-96e8-60eca0b1f7a4-c000.snappy.parquet","deletionTimestamp":1663504697301,"dataChange":true,"extendedFileMetadata":true,"partitionValues":{},"size":2490,"tags":{"INSERTION_TIME":"1663504692000004","OPTIMIZE_TARGET_SIZE":"268435456"}}}
{"remove":{"path":"part-00005-eea2ccf0-cdd3-4ba5-a90c-d41caa865edf-c000.snappy.parquet","deletionTimestamp":1663504697301,"dataChange":true,"extendedFileMetadata":true,"partitionValues":{},"size":2748,"tags":{"INSERTION_TIME":"1663504692000005","OPTIMIZE_TARGET_SIZE":"268435456"}}}
{"remove":{"path":"part-00006-415ee70b-d5ee-49bc-b35f-61f220d1c791-c000.snappy.parquet","deletionTimestamp":1663504697301,"dataChange":true,"extendedFileMetadata":true,"partitionValues":{},"size":2486,"tags":{"INSERTION_TIME":"1663504692000006","OPTIMIZE_TARGET_SIZE":"268435456"}}}
{"remove":{"path":"part-00007-1e0918b6-a8a7-4133-93b6-276ab45efd27-c000.snappy.parquet","deletionTimestamp":1663504697301,"dataChange":true,"extendedFileMetadata":true,"partitionValues":{},"size":2781,"tags":{"INSERTION_TIME":"1663504692000007","OPTIMIZE_TARGET_SIZE":"268435456"}}}
{"commitInfo":{"timestamp":1663504697302,"userId":"8534114395324379","userName":"jramirez@iwco.co","operation":"WRITE","operationParameters":{"mode":"Overwrite","partitionBy":"[]"},"notebook":{"notebookId":"2332635609408831"},"clusterId":"0917-171652-htk1q29x","readVersion":5,"isolationLevel":"WriteSerializable","isBlindAppend":false,"operationMetrics":{"numFiles":"8","numOutputRows":"43","numOutputBytes":"20638"},"engineInfo":"Databricks-Runtime/10.4.x-scala2.12","txnId":"dfc77ea7-0bf6-477c-8c84-203073f2f24b"}}
