{"protocol":{"minReaderVersion":1,"minWriterVersion":2}}
{"metaData":{"id":"e971f768-c342-4c6b-a6b2-8ed06ea35a75","format":{"provider":"parquet","options":{}},"schemaString":"{\"type\":\"struct\",\"fields\":[{\"name\":\"embedded_show_network_id\",\"type\":\"double\",\"nullable\":true,\"metadata\":{}},{\"name\":\"embedded_show_network_name\",\"type\":\"string\",\"nullable\":true,\"metadata\":{}},{\"name\":\"embedded_show_network_country_name\",\"type\":\"string\",\"nullable\":true,\"metadata\":{}},{\"name\":\"embedded_show_network_country_cod\",\"type\":\"string\",\"nullable\":true,\"metadata\":{}},{\"name\":\"embedded_show_network_country_timezone\",\"type\":\"string\",\"nullable\":true,\"metadata\":{}},{\"name\":\"embedded_show_network_officialSite\",\"type\":\"string\",\"nullable\":true,\"metadata\":{}}]}","partitionColumns":[],"configuration":{},"createdTime":1663503968096}}
{"commitInfo":{"timestamp":1663503968595,"userId":"8534114395324379","userName":"jramirez@iwco.co","operation":"WRITE","operationParameters":{"mode":"Overwrite","partitionBy":"[]"},"notebook":{"notebookId":"580977330729499"},"clusterId":"0917-171652-htk1q29x","isolationLevel":"WriteSerializable","isBlindAppend":false,"operationMetrics":{"numFiles":"0","numOutputRows":"0","numOutputBytes":"0"},"engineInfo":"Databricks-Runtime/10.4.x-scala2.12","txnId":"3d7cca00-a6a9-4dfc-aac1-82d7416eadeb"}}
