{"commitInfo":{"timestamp":1663504591496,"userId":"8534114395324379","userName":"jramirez@iwco.co","operation":"VACUUM START","operationParameters":{"retentionCheckEnabled":false,"specifiedRetentionMillis":0,"defaultRetentionMillis":604800000},"notebook":{"notebookId":"2332635609408831"},"clusterId":"0917-171652-htk1q29x","readVersion":2,"isolationLevel":"SnapshotIsolation","isBlindAppend":true,"operationMetrics":{"numFilesToDelete":"8"},"engineInfo":"Databricks-Runtime/10.4.x-scala2.12","txnId":"5809e22b-2d48-4451-8424-0c325bdb7e36"}}
