{"remove":{"path":"part-00002-bcce9ce1-ce21-45f8-b4bc-ce1c573a69f4-c000.snappy.parquet","deletionTimestamp":1663504692795,"dataChange":true,"extendedFileMetadata":true,"partitionValues":{},"size":2635,"tags":{"INSERTION_TIME":"1663504586000002","OPTIMIZE_TARGET_SIZE":"268435456"}}}
{"remove":{"path":"part-00003-7b85450a-72c8-4e72-a1b1-ba80b69dbebb-c000.snappy.parquet","deletionTimestamp":1663504692795,"dataChange":true,"extendedFileMetadata":true,"partitionValues":{},"size":2499,"tags":{"INSERTION_TIME":"1663504586000003","OPTIMIZE_TARGET_SIZE":"268435456"}}}
{"remove":{"path":"part-00001-88d1c675-bf71-4593-a6c8-477bc34bad1b-c000.snappy.parquet","deletionTimestamp":1663504692795,"dataChange":true,"extendedFileMetadata":true,"partitionValues":{},"size":2488,"tags":{"INSERTION_TIME":"1663504586000001","OPTIMIZE_TARGET_SIZE":"268435456"}}}
{"remove":{"path":"part-00004-6421ede8-32fc-4fbc-84a5-723aa76a5ff3-c000.snappy.parquet","deletionTimestamp":1663504692795,"dataChange":true,"extendedFileMetadata":true,"partitionValues":{},"size":2490,"tags":{"INSERTION_TIME":"1663504586000004","OPTIMIZE_TARGET_SIZE":"268435456"}}}
{"remove":{"path":"part-00007-e728ee3b-7fb3-4854-8b35-3b9cf04b028a-c000.snappy.parquet","deletionTimestamp":1663504692795,"dataChange":true,"extendedFileMetadata":true,"partitionValues":{},"size":2781,"tags":{"INSERTION_TIME":"1663504586000007","OPTIMIZE_TARGET_SIZE":"268435456"}}}
{"remove":{"path":"part-00000-9075b397-0b43-472d-a874-60f471bc8787-c000.snappy.parquet","deletionTimestamp":1663504692795,"dataChange":true,"extendedFileMetadata":true,"partitionValues":{},"size":2511,"tags":{"INSERTION_TIME":"1663504586000000","OPTIMIZE_TARGET_SIZE":"268435456"}}}
{"remove":{"path":"part-00005-cd6184e2-64d4-4c0a-a416-176f53401007-c000.snappy.parquet","deletionTimestamp":1663504692795,"dataChange":true,"extendedFileMetadata":true,"partitionValues":{},"size":2748,"tags":{"INSERTION_TIME":"1663504586000005","OPTIMIZE_TARGET_SIZE":"268435456"}}}
{"remove":{"path":"part-00006-52086337-7b4b-48c8-b282-a0902974467b-c000.snappy.parquet","deletionTimestamp":1663504692795,"dataChange":true,"extendedFileMetadata":true,"partitionValues":{},"size":2486,"tags":{"INSERTION_TIME":"1663504586000006","OPTIMIZE_TARGET_SIZE":"268435456"}}}
{"add":{"path":"part-00000-7a34165d-db71-4885-b0bf-99d10d4def62-c000.snappy.parquet","partitionValues":{},"size":2511,"modificationTime":1663504692000,"dataChange":true,"stats":"{\"numRecords\":5,\"minValues\":{\"embedded_show_network_id\":308.0,\"embedded_show_network_name\":\"CCTV-1\",\"embedded_show_network_country_name\":\"China\",\"embedded_show_network_country_cod\":\"CN\",\"embedded_show_network_country_timezone\":\"Africa/Cairo\"},\"maxValues\":{\"embedded_show_network_id\":1683.0,\"embedded_show_network_name\":\"ТНТ\",\"embedded_show_network_country_name\":\"Russian Federation\",\"embedded_show_network_country_cod\":\"RU\",\"embedded_show_network_country_timezone\":\"Asia/Shanghai\"},\"nullCount\":{\"embedded_show_network_id\":0,\"embedded_show_network_name\":0,\"embedded_show_network_country_name\":0,\"embedded_show_network_country_cod\":0,\"embedded_show_network_country_timezone\":0,\"embedded_show_network_officialSite\":5}}","tags":{"INSERTION_TIME":"1663504692000000","OPTIMIZE_TARGET_SIZE":"268435456"}}}
{"add":{"path":"part-00001-5948c306-68de-41d4-b68b-3cfc54a2140a-c000.snappy.parquet","partitionValues":{},"size":2488,"modificationTime":1663504692000,"dataChange":true,"stats":"{\"numRecords\":5,\"minValues\":{\"embedded_show_network_id\":23.0,\"embedded_show_network_name\":\"Comedy Central\",\"embedded_show_network_country_name\":\"Japan\",\"embedded_show_network_country_cod\":\"JP\",\"embedded_show_network_country_timezone\":\"America/New_York\"},\"maxValues\":{\"embedded_show_network_id\":1354.0,\"embedded_show_network_name\":\"TBS\",\"embedded_show_network_country_name\":\"United States\",\"embedded_show_network_country_cod\":\"US\",\"embedded_show_network_country_timezone\":\"Asia/Tokyo\"},\"nullCount\":{\"embedded_show_network_id\":0,\"embedded_show_network_name\":0,\"embedded_show_network_country_name\":0,\"embedded_show_network_country_cod\":0,\"embedded_show_network_country_timezone\":0,\"embedded_show_network_officialSite\":5}}","tags":{"INSERTION_TIME":"1663504692000001","OPTIMIZE_TARGET_SIZE":"268435456"}}}
{"add":{"path":"part-00002-209c1fee-d714-4a8c-94c4-a7ad0a90c702-c000.snappy.parquet","partitionValues":{},"size":2635,"modificationTime":1663504692000,"dataChange":true,"stats":"{\"numRecords\":6,\"minValues\":{\"embedded_show_network_id\":112.0,\"embedded_show_network_name\":\"AfricaMagic Showcase\",\"embedded_show_network_country_name\":\"Brazil\",\"embedded_show_network_country_cod\":\"BR\",\"embedded_show_network_country_timezone\":\"Africa/Johannesburg\"},\"maxValues\":{\"embedded_show_network_id\":1862.0,\"embedded_show_network_name\":\"Новий Канал\",\"embedded_show_network_country_name\":\"United States\",\"embedded_show_network_country_cod\":\"ZA\",\"embedded_show_network_country_timezone\":\"Europe/Zaporozhye\"},\"nullCount\":{\"embedded_show_network_id\":0,\"embedded_show_network_name\":0,\"embedded_show_network_country_name\":0,\"embedded_show_network_country_cod\":0,\"embedded_show_network_country_timezone\":0,\"embedded_show_network_officialSite\":6}}","tags":{"INSERTION_TIME":"1663504692000002","OPTIMIZE_TARGET_SIZE":"268435456"}}}
{"add":{"path":"part-00003-b852f364-5d9f-46c1-bc5e-98835893dc5a-c000.snappy.parquet","partitionValues":{},"size":2499,"modificationTime":1663504692000,"dataChange":true,"stats":"{\"numRecords\":5,\"minValues\":{\"embedded_show_network_id\":30.0,\"embedded_show_network_name\":\"Alarby Television\",\"embedded_show_network_country_name\":\"Egypt\",\"embedded_show_network_country_cod\":\"EG\",\"embedded_show_network_country_timezone\":\"Africa/Cairo\"},\"maxValues\":{\"embedded_show_network_id\":1808.0,\"embedded_show_network_name\":\"USA Network\",\"embedded_show_network_country_name\":\"United States\",\"embedded_show_network_country_cod\":\"US\",\"embedded_show_network_country_timezone\":\"Asia/Tokyo\"},\"nullCount\":{\"embedded_show_network_id\":0,\"embedded_show_network_name\":0,\"embedded_show_network_country_name\":0,\"embedded_show_network_country_cod\":0,\"embedded_show_network_country_timezone\":0,\"embedded_show_network_officialSite\":5}}","tags":{"INSERTION_TIME":"1663504692000003","OPTIMIZE_TARGET_SIZE":"268435456"}}}
{"add":{"path":"part-00004-121b5cb6-1de8-49c0-96e8-60eca0b1f7a4-c000.snappy.parquet","partitionValues":{},"size":2490,"modificationTime":1663504692000,"dataChange":true,"stats":"{\"numRecords\":5,\"minValues\":{\"embedded_show_network_id\":41.0,\"embedded_show_network_name\":\"Disney Channel\",\"embedded_show_network_country_name\":\"China\",\"embedded_show_network_country_cod\":\"CN\",\"embedded_show_network_country_timezone\":\"America/New_York\"},\"maxValues\":{\"embedded_show_network_id\":339.0,\"embedded_show_network_name\":\"TV 2\",\"embedded_show_network_country_name\":\"United States\",\"embedded_show_network_country_cod\":\"US\",\"embedded_show_network_country_timezone\":\"Europe/Oslo\"},\"nullCount\":{\"embedded_show_network_id\":0,\"embedded_show_network_name\":0,\"embedded_show_network_country_name\":0,\"embedded_show_network_country_cod\":0,\"embedded_show_network_country_timezone\":0,\"embedded_show_network_officialSite\":5}}","tags":{"INSERTION_TIME":"1663504692000004","OPTIMIZE_TARGET_SIZE":"268435456"}}}
{"add":{"path":"part-00005-eea2ccf0-cdd3-4ba5-a90c-d41caa865edf-c000.snappy.parquet","partitionValues":{},"size":2748,"modificationTime":1663504692000,"dataChange":true,"stats":"{\"numRecords\":6,\"minValues\":{\"embedded_show_network_id\":8.0,\"embedded_show_network_name\":\"HBO\",\"embedded_show_network_country_name\":\"Japan\",\"embedded_show_network_country_cod\":\"JP\",\"embedded_show_network_country_timezone\":\"America/New_York\",\"embedded_show_network_officialSite\":\"https://www.hbo.com/\"},\"maxValues\":{\"embedded_show_network_id\":1320.0,\"embedded_show_network_name\":\"UA:Перший\",\"embedded_show_network_country_name\":\"United States\",\"embedded_show_network_country_cod\":\"US\",\"embedded_show_network_country_timezone\":\"Europe/Zaporozhye\",\"embedded_show_network_officialSite\":\"https://www.hbo.com/\"},\"nullCount\":{\"embedded_show_network_id\":0,\"embedded_show_network_name\":0,\"embedded_show_network_country_name\":0,\"embedded_show_network_country_cod\":0,\"embedded_show_network_country_timezone\":0,\"embedded_show_network_officialSite\":5}}","tags":{"INSERTION_TIME":"1663504692000005","OPTIMIZE_TARGET_SIZE":"268435456"}}}
{"add":{"path":"part-00006-415ee70b-d5ee-49bc-b35f-61f220d1c791-c000.snappy.parquet","partitionValues":{},"size":2486,"modificationTime":1663504692000,"dataChange":true,"stats":"{\"numRecords\":5,\"minValues\":{\"embedded_show_network_id\":51.0,\"embedded_show_network_name\":\"BBC Four\",\"embedded_show_network_country_name\":\"France\",\"embedded_show_network_country_cod\":\"FR\",\"embedded_show_network_country_timezone\":\"Asia/Kamchatka\"},\"maxValues\":{\"embedded_show_network_id\":755.0,\"embedded_show_network_name\":\"СТС\",\"embedded_show_network_country_name\":\"United Kingdom\",\"embedded_show_network_country_cod\":\"TR\",\"embedded_show_network_country_timezone\":\"Europe/Stockholm\"},\"nullCount\":{\"embedded_show_network_id\":0,\"embedded_show_network_name\":0,\"embedded_show_network_country_name\":0,\"embedded_show_network_country_cod\":0,\"embedded_show_network_country_timezone\":0,\"embedded_show_network_officialSite\":5}}","tags":{"INSERTION_TIME":"1663504692000006","OPTIMIZE_TARGET_SIZE":"268435456"}}}
{"add":{"path":"part-00007-1e0918b6-a8a7-4133-93b6-276ab45efd27-c000.snappy.parquet","partitionValues":{},"size":2781,"modificationTime":1663504692000,"dataChange":true,"stats":"{\"numRecords\":6,\"minValues\":{\"embedded_show_network_id\":37.0,\"embedded_show_network_name\":\"ABC\",\"embedded_show_network_country_name\":\"Australia\",\"embedded_show_network_country_cod\":\"AU\",\"embedded_show_network_country_timezone\":\"America/New_York\",\"embedded_show_network_officialSite\":\"https://www.abc.net.au/\"},\"maxValues\":{\"embedded_show_network_id\":551.0,\"embedded_show_network_name\":\"Россия 1\",\"embedded_show_network_country_name\":\"United States\",\"embedded_show_network_country_cod\":\"US\",\"embedded_show_network_country_timezone\":\"Europe/London\",\"embedded_show_network_officialSite\":\"https://www.bbc.co.uk/bbctwo\"},\"nullCount\":{\"embedded_show_network_id\":0,\"embedded_show_network_name\":0,\"embedded_show_network_country_name\":0,\"embedded_show_network_country_cod\":0,\"embedded_show_network_country_timezone\":0,\"embedded_show_network_officialSite\":3}}","tags":{"INSERTION_TIME":"1663504692000007","OPTIMIZE_TARGET_SIZE":"268435456"}}}
{"commitInfo":{"timestamp":1663504693006,"userId":"8534114395324379","userName":"jramirez@iwco.co","operation":"MERGE","operationParameters":{"predicate":"(tgt.embedded_show_network_id = upd.embedded_show_network_id)","matchedPredicates":"[{\"actionType\":\"update\"}]","notMatchedPredicates":"[{\"actionType\":\"insert\"}]"},"notebook":{"notebookId":"2332635609408831"},"clusterId":"0917-171652-htk1q29x","readVersion":4,"isolationLevel":"WriteSerializable","isBlindAppend":false,"operationMetrics":{"numTargetRowsCopied":"0","numTargetRowsDeleted":"0","numTargetFilesAdded":"8","executionTimeMs":"3688","numTargetRowsInserted":"0","scanTimeMs":"1732","numTargetRowsUpdated":"43","numOutputRows":"43","numTargetChangeFilesAdded":"0","numSourceRows":"43","numTargetFilesRemoved":"8","rewriteTimeMs":"1662"},"engineInfo":"Databricks-Runtime/10.4.x-scala2.12","txnId":"16e1c57a-6bb8-406c-a40c-6ff8f167ceab"}}
