{"add":{"path":"part-00000-5857946d-4d06-403b-b3dc-35a46150985f-c000.snappy.parquet","partitionValues":{},"size":2511,"modificationTime":1663504583000,"dataChange":true,"stats":"{\"numRecords\":5,\"minValues\":{\"embedded_show_network_id\":308.0,\"embedded_show_network_name\":\"CCTV-1\",\"embedded_show_network_country_name\":\"China\",\"embedded_show_network_country_cod\":\"CN\",\"embedded_show_network_country_timezone\":\"Africa/Cairo\"},\"maxValues\":{\"embedded_show_network_id\":1683.0,\"embedded_show_network_name\":\"ТНТ\",\"embedded_show_network_country_name\":\"Russian Federation\",\"embedded_show_network_country_cod\":\"RU\",\"embedded_show_network_country_timezone\":\"Asia/Shanghai\"},\"nullCount\":{\"embedded_show_network_id\":0,\"embedded_show_network_name\":0,\"embedded_show_network_country_name\":0,\"embedded_show_network_country_cod\":0,\"embedded_show_network_country_timezone\":0,\"embedded_show_network_officialSite\":5}}","tags":{"INSERTION_TIME":"1663504582000000","OPTIMIZE_TARGET_SIZE":"268435456"}}}
{"add":{"path":"part-00001-9f1a6d07-268c-4e08-bfd5-6aa63c692f45-c000.snappy.parquet","partitionValues":{},"size":2488,"modificationTime":1663504583000,"dataChange":true,"stats":"{\"numRecords\":5,\"minValues\":{\"embedded_show_network_id\":23.0,\"embedded_show_network_name\":\"Comedy Central\",\"embedded_show_network_country_name\":\"Japan\",\"embedded_show_network_country_cod\":\"JP\",\"embedded_show_network_country_timezone\":\"America/New_York\"},\"maxValues\":{\"embedded_show_network_id\":1354.0,\"embedded_show_network_name\":\"TBS\",\"embedded_show_network_country_name\":\"United States\",\"embedded_show_network_country_cod\":\"US\",\"embedded_show_network_country_timezone\":\"Asia/Tokyo\"},\"nullCount\":{\"embedded_show_network_id\":0,\"embedded_show_network_name\":0,\"embedded_show_network_country_name\":0,\"embedded_show_network_country_cod\":0,\"embedded_show_network_country_timezone\":0,\"embedded_show_network_officialSite\":5}}","tags":{"INSERTION_TIME":"1663504582000001","OPTIMIZE_TARGET_SIZE":"268435456"}}}
{"add":{"path":"part-00002-1f7d95b0-01da-4cb9-a461-0935348cc601-c000.snappy.parquet","partitionValues":{},"size":2635,"modificationTime":1663504582000,"dataChange":true,"stats":"{\"numRecords\":6,\"minValues\":{\"embedded_show_network_id\":112.0,\"embedded_show_network_name\":\"AfricaMagic Showcase\",\"embedded_show_network_country_name\":\"Brazil\",\"embedded_show_network_country_cod\":\"BR\",\"embedded_show_network_country_timezone\":\"Africa/Johannesburg\"},\"maxValues\":{\"embedded_show_network_id\":1862.0,\"embedded_show_network_name\":\"Новий Канал\",\"embedded_show_network_country_name\":\"United States\",\"embedded_show_network_country_cod\":\"ZA\",\"embedded_show_network_country_timezone\":\"Europe/Zaporozhye\"},\"nullCount\":{\"embedded_show_network_id\":0,\"embedded_show_network_name\":0,\"embedded_show_network_country_name\":0,\"embedded_show_network_country_cod\":0,\"embedded_show_network_country_timezone\":0,\"embedded_show_network_officialSite\":6}}","tags":{"INSERTION_TIME":"1663504582000002","OPTIMIZE_TARGET_SIZE":"268435456"}}}
{"add":{"path":"part-00003-27017f34-edf9-4e32-81bb-6bc03e6a729b-c000.snappy.parquet","partitionValues":{},"size":2499,"modificationTime":1663504583000,"dataChange":true,"stats":"{\"numRecords\":5,\"minValues\":{\"embedded_show_network_id\":30.0,\"embedded_show_network_name\":\"Alarby Television\",\"embedded_show_network_country_name\":\"Egypt\",\"embedded_show_network_country_cod\":\"EG\",\"embedded_show_network_country_timezone\":\"Africa/Cairo\"},\"maxValues\":{\"embedded_show_network_id\":1808.0,\"embedded_show_network_name\":\"USA Network\",\"embedded_show_network_country_name\":\"United States\",\"embedded_show_network_country_cod\":\"US\",\"embedded_show_network_country_timezone\":\"Asia/Tokyo\"},\"nullCount\":{\"embedded_show_network_id\":0,\"embedded_show_network_name\":0,\"embedded_show_network_country_name\":0,\"embedded_show_network_country_cod\":0,\"embedded_show_network_country_timezone\":0,\"embedded_show_network_officialSite\":5}}","tags":{"INSERTION_TIME":"1663504582000003","OPTIMIZE_TARGET_SIZE":"268435456"}}}
{"add":{"path":"part-00004-a2f456c6-fbd5-411a-9502-22913c586eec-c000.snappy.parquet","partitionValues":{},"size":2490,"modificationTime":1663504583000,"dataChange":true,"stats":"{\"numRecords\":5,\"minValues\":{\"embedded_show_network_id\":41.0,\"embedded_show_network_name\":\"Disney Channel\",\"embedded_show_network_country_name\":\"China\",\"embedded_show_network_country_cod\":\"CN\",\"embedded_show_network_country_timezone\":\"America/New_York\"},\"maxValues\":{\"embedded_show_network_id\":339.0,\"embedded_show_network_name\":\"TV 2\",\"embedded_show_network_country_name\":\"United States\",\"embedded_show_network_country_cod\":\"US\",\"embedded_show_network_country_timezone\":\"Europe/Oslo\"},\"nullCount\":{\"embedded_show_network_id\":0,\"embedded_show_network_name\":0,\"embedded_show_network_country_name\":0,\"embedded_show_network_country_cod\":0,\"embedded_show_network_country_timezone\":0,\"embedded_show_network_officialSite\":5}}","tags":{"INSERTION_TIME":"1663504582000004","OPTIMIZE_TARGET_SIZE":"268435456"}}}
{"add":{"path":"part-00005-face08e6-d296-4fe4-ad57-c8b55eb56c58-c000.snappy.parquet","partitionValues":{},"size":2748,"modificationTime":1663504582000,"dataChange":true,"stats":"{\"numRecords\":6,\"minValues\":{\"embedded_show_network_id\":8.0,\"embedded_show_network_name\":\"HBO\",\"embedded_show_network_country_name\":\"Japan\",\"embedded_show_network_country_cod\":\"JP\",\"embedded_show_network_country_timezone\":\"America/New_York\",\"embedded_show_network_officialSite\":\"https://www.hbo.com/\"},\"maxValues\":{\"embedded_show_network_id\":1320.0,\"embedded_show_network_name\":\"UA:Перший\",\"embedded_show_network_country_name\":\"United States\",\"embedded_show_network_country_cod\":\"US\",\"embedded_show_network_country_timezone\":\"Europe/Zaporozhye\",\"embedded_show_network_officialSite\":\"https://www.hbo.com/\"},\"nullCount\":{\"embedded_show_network_id\":0,\"embedded_show_network_name\":0,\"embedded_show_network_country_name\":0,\"embedded_show_network_country_cod\":0,\"embedded_show_network_country_timezone\":0,\"embedded_show_network_officialSite\":5}}","tags":{"INSERTION_TIME":"1663504582000005","OPTIMIZE_TARGET_SIZE":"268435456"}}}
{"add":{"path":"part-00006-620f75ff-6784-40b6-bb43-c0f83660780e-c000.snappy.parquet","partitionValues":{},"size":2486,"modificationTime":1663504583000,"dataChange":true,"stats":"{\"numRecords\":5,\"minValues\":{\"embedded_show_network_id\":51.0,\"embedded_show_network_name\":\"BBC Four\",\"embedded_show_network_country_name\":\"France\",\"embedded_show_network_country_cod\":\"FR\",\"embedded_show_network_country_timezone\":\"Asia/Kamchatka\"},\"maxValues\":{\"embedded_show_network_id\":755.0,\"embedded_show_network_name\":\"СТС\",\"embedded_show_network_country_name\":\"United Kingdom\",\"embedded_show_network_country_cod\":\"TR\",\"embedded_show_network_country_timezone\":\"Europe/Stockholm\"},\"nullCount\":{\"embedded_show_network_id\":0,\"embedded_show_network_name\":0,\"embedded_show_network_country_name\":0,\"embedded_show_network_country_cod\":0,\"embedded_show_network_country_timezone\":0,\"embedded_show_network_officialSite\":5}}","tags":{"INSERTION_TIME":"1663504582000006","OPTIMIZE_TARGET_SIZE":"268435456"}}}
{"add":{"path":"part-00007-669f1b82-09f1-425a-bc31-7c2939e0ac18-c000.snappy.parquet","partitionValues":{},"size":2781,"modificationTime":1663504583000,"dataChange":true,"stats":"{\"numRecords\":6,\"minValues\":{\"embedded_show_network_id\":37.0,\"embedded_show_network_name\":\"ABC\",\"embedded_show_network_country_name\":\"Australia\",\"embedded_show_network_country_cod\":\"AU\",\"embedded_show_network_country_timezone\":\"America/New_York\",\"embedded_show_network_officialSite\":\"https://www.abc.net.au/\"},\"maxValues\":{\"embedded_show_network_id\":551.0,\"embedded_show_network_name\":\"Россия 1\",\"embedded_show_network_country_name\":\"United States\",\"embedded_show_network_country_cod\":\"US\",\"embedded_show_network_country_timezone\":\"Europe/London\",\"embedded_show_network_officialSite\":\"https://www.bbc.co.uk/bbctwo\"},\"nullCount\":{\"embedded_show_network_id\":0,\"embedded_show_network_name\":0,\"embedded_show_network_country_name\":0,\"embedded_show_network_country_cod\":0,\"embedded_show_network_country_timezone\":0,\"embedded_show_network_officialSite\":3}}","tags":{"INSERTION_TIME":"1663504582000007","OPTIMIZE_TARGET_SIZE":"268435456"}}}
{"commitInfo":{"timestamp":1663504583669,"userId":"8534114395324379","userName":"jramirez@iwco.co","operation":"MERGE","operationParameters":{"predicate":"(tgt.embedded_show_network_id = upd.embedded_show_network_id)","matchedPredicates":"[{\"actionType\":\"update\"}]","notMatchedPredicates":"[{\"actionType\":\"insert\"}]"},"notebook":{"notebookId":"2332635609408831"},"clusterId":"0917-171652-htk1q29x","readVersion":0,"isolationLevel":"WriteSerializable","isBlindAppend":false,"operationMetrics":{"numTargetRowsCopied":"0","numTargetRowsDeleted":"0","numTargetFilesAdded":"8","executionTimeMs":"1856","numTargetRowsInserted":"43","scanTimeMs":"618","numTargetRowsUpdated":"0","numOutputRows":"43","numTargetChangeFilesAdded":"0","numSourceRows":"43","numTargetFilesRemoved":"0","rewriteTimeMs":"1177"},"engineInfo":"Databricks-Runtime/10.4.x-scala2.12","txnId":"694ba0ae-93e3-4245-9839-0d506bfdbd1d"}}
