{"protocol":{"minReaderVersion":1,"minWriterVersion":2}}
{"metaData":{"id":"17a2db35-c075-4d53-970e-7b9497c17a76","format":{"provider":"parquet","options":{}},"schemaString":"{\"type\":\"struct\",\"fields\":[{\"name\":\"Date\",\"type\":\"timestamp\",\"nullable\":true,\"metadata\":{}},{\"name\":\"Day\",\"type\":\"long\",\"nullable\":true,\"metadata\":{}},{\"name\":\"DayName\",\"type\":\"string\",\"nullable\":true,\"metadata\":{}},{\"name\":\"WeekDayNum\",\"type\":\"long\",\"nullable\":true,\"metadata\":{}},{\"name\":\"Quarter\",\"type\":\"long\",\"nullable\":true,\"metadata\":{}},{\"name\":\"Year\",\"type\":\"long\",\"nullable\":true,\"metadata\":{}},{\"name\":\"Year_half\",\"type\":\"long\",\"nullable\":true,\"metadata\":{}},{\"name\":\"MonthNum\",\"type\":\"long\",\"nullable\":true,\"metadata\":{}},{\"name\":\"MonthLong\",\"type\":\"string\",\"nullable\":true,\"metadata\":{}},{\"name\":\"Month\",\"type\":\"string\",\"nullable\":true,\"metadata\":{}},{\"name\":\"MonthYear\",\"type\":\"string\",\"nullable\":true,\"metadata\":{}},{\"name\":\"MonthYearLong\",\"type\":\"string\",\"nullable\":true,\"metadata\":{}}]}","partitionColumns":[],"configuration":{},"createdTime":1663436910873}}
{"commitInfo":{"timestamp":1663436921307,"userId":"8534114395324379","userName":"jramirez@iwco.co","operation":"WRITE","operationParameters":{"mode":"Overwrite","partitionBy":"[]"},"notebook":{"notebookId":"580977330729499"},"clusterId":"0917-171652-htk1q29x","isolationLevel":"WriteSerializable","isBlindAppend":false,"operationMetrics":{"numFiles":"0","numOutputRows":"0","numOutputBytes":"0"},"engineInfo":"Databricks-Runtime/10.4.x-scala2.12","txnId":"de0d3d6d-34db-4690-a1da-b9676378c3b3"}}
