{"commitInfo":{"timestamp":1663504726276,"userId":"8534114395324379","userName":"jramirez@iwco.co","operation":"VACUUM START","operationParameters":{"retentionCheckEnabled":false,"specifiedRetentionMillis":0,"defaultRetentionMillis":604800000},"notebook":{"notebookId":"580977330729503"},"clusterId":"0917-171652-htk1q29x","readVersion":25,"isolationLevel":"SnapshotIsolation","isBlindAppend":true,"operationMetrics":{"numFilesToDelete":"16"},"engineInfo":"Databricks-Runtime/10.4.x-scala2.12","txnId":"77b7a061-18fa-4fa2-85bf-d5c934ccf4ca"}}
