{"remove":{"path":"part-00001-052e144d-69d6-463c-a384-98618c1a652c-c000.snappy.parquet","deletionTimestamp":1663461562444,"dataChange":true,"extendedFileMetadata":true,"partitionValues":{},"size":33355,"tags":{"INSERTION_TIME":"1663437140000001","OPTIMIZE_TARGET_SIZE":"268435456"}}}
{"remove":{"path":"part-00003-86f8b55d-9ec8-4ada-87c8-c1d1214a2ac7-c000.snappy.parquet","deletionTimestamp":1663461562444,"dataChange":true,"extendedFileMetadata":true,"partitionValues":{},"size":33378,"tags":{"INSERTION_TIME":"1663437140000003","OPTIMIZE_TARGET_SIZE":"268435456"}}}
{"remove":{"path":"part-00000-1ef21323-ccba-4b9d-80df-64f5ac9aa8f9-c000.snappy.parquet","deletionTimestamp":1663461562444,"dataChange":true,"extendedFileMetadata":true,"partitionValues":{},"size":33338,"tags":{"INSERTION_TIME":"1663437140000000","OPTIMIZE_TARGET_SIZE":"268435456"}}}
{"remove":{"path":"part-00002-f24453ea-0558-4b19-9bb7-0ec5fce0598e-c000.snappy.parquet","deletionTimestamp":1663461562444,"dataChange":true,"extendedFileMetadata":true,"partitionValues":{},"size":33336,"tags":{"INSERTION_TIME":"1663437140000002","OPTIMIZE_TARGET_SIZE":"268435456"}}}
{"remove":{"path":"part-00006-6e643db5-4695-46d5-8b0e-ece125ec4bba-c000.snappy.parquet","deletionTimestamp":1663461562444,"dataChange":true,"extendedFileMetadata":true,"partitionValues":{},"size":33327,"tags":{"INSERTION_TIME":"1663437140000006","OPTIMIZE_TARGET_SIZE":"268435456"}}}
{"remove":{"path":"part-00007-e87e7c5d-83ad-46a9-b1b4-06c0604bad45-c000.snappy.parquet","deletionTimestamp":1663461562444,"dataChange":true,"extendedFileMetadata":true,"partitionValues":{},"size":33331,"tags":{"INSERTION_TIME":"1663437140000007","OPTIMIZE_TARGET_SIZE":"268435456"}}}
{"remove":{"path":"part-00004-26e8fe04-d677-4099-bc4a-47e1b437e575-c000.snappy.parquet","deletionTimestamp":1663461562444,"dataChange":true,"extendedFileMetadata":true,"partitionValues":{},"size":33352,"tags":{"INSERTION_TIME":"1663437140000004","OPTIMIZE_TARGET_SIZE":"268435456"}}}
{"remove":{"path":"part-00005-771bbe15-06c9-4673-8264-45c89a653261-c000.snappy.parquet","deletionTimestamp":1663461562444,"dataChange":true,"extendedFileMetadata":true,"partitionValues":{},"size":33299,"tags":{"INSERTION_TIME":"1663437140000005","OPTIMIZE_TARGET_SIZE":"268435456"}}}
{"add":{"path":"part-00000-3034c0e4-b525-49dc-a084-2dbf3f3cd5b1-c000.snappy.parquet","partitionValues":{},"size":33338,"modificationTime":1663461561000,"dataChange":true,"stats":"{\"numRecords\":4611,\"minValues\":{\"Date\":\"2000-01-01T00:00:00.000Z\",\"Day\":1,\"DayName\":\"Friday\",\"WeekDayNum\":0,\"Quarter\":1,\"Year\":2000,\"Year_half\":1,\"MonthNum\":1,\"MonthLong\":\"April\",\"Month\":\"Apr\",\"MonthYear\":\"Apr-00\",\"MonthYearLong\":\"April-2000\"},\"maxValues\":{\"Date\":\"2012-08-15T00:00:00.000Z\",\"Day\":31,\"DayName\":\"Wednesday\",\"WeekDayNum\":6,\"Quarter\":4,\"Year\":2012,\"Year_half\":2,\"MonthNum\":12,\"MonthLong\":\"September\",\"Month\":\"Sep\",\"MonthYear\":\"Sep-11\",\"MonthYearLong\":\"September-2011\"},\"nullCount\":{\"Date\":0,\"Day\":0,\"DayName\":0,\"WeekDayNum\":0,\"Quarter\":0,\"Year\":0,\"Year_half\":0,\"MonthNum\":0,\"MonthLong\":0,\"Month\":0,\"MonthYear\":0,\"MonthYearLong\":0}}","tags":{"INSERTION_TIME":"1663461560000000","OPTIMIZE_TARGET_SIZE":"268435456"}}}
{"add":{"path":"part-00001-373c33bf-b9f4-4dc4-986e-b6daa7ee3e7a-c000.snappy.parquet","partitionValues":{},"size":33355,"modificationTime":1663461560000,"dataChange":true,"stats":"{\"numRecords\":4611,\"minValues\":{\"Date\":\"2012-08-16T00:00:00.000Z\",\"Day\":1,\"DayName\":\"Friday\",\"WeekDayNum\":0,\"Quarter\":1,\"Year\":2012,\"Year_half\":1,\"MonthNum\":1,\"MonthLong\":\"April\",\"Month\":\"Apr\",\"MonthYear\":\"Apr-13\",\"MonthYearLong\":\"April-2013\"},\"maxValues\":{\"Date\":\"2025-03-31T00:00:00.000Z\",\"Day\":31,\"DayName\":\"Wednesday\",\"WeekDayNum\":6,\"Quarter\":4,\"Year\":2025,\"Year_half\":2,\"MonthNum\":12,\"MonthLong\":\"September\",\"Month\":\"Sep\",\"MonthYear\":\"Sep-24\",\"MonthYearLong\":\"September-2024\"},\"nullCount\":{\"Date\":0,\"Day\":0,\"DayName\":0,\"WeekDayNum\":0,\"Quarter\":0,\"Year\":0,\"Year_half\":0,\"MonthNum\":0,\"MonthLong\":0,\"Month\":0,\"MonthYear\":0,\"MonthYearLong\":0}}","tags":{"INSERTION_TIME":"1663461560000001","OPTIMIZE_TARGET_SIZE":"268435456"}}}
{"add":{"path":"part-00002-0764972e-ff0e-4de1-8c8b-68e61a3bbd25-c000.snappy.parquet","partitionValues":{},"size":33336,"modificationTime":1663461562000,"dataChange":true,"stats":"{\"numRecords\":4611,\"minValues\":{\"Date\":\"2025-04-01T00:00:00.000Z\",\"Day\":1,\"DayName\":\"Friday\",\"WeekDayNum\":0,\"Quarter\":1,\"Year\":2025,\"Year_half\":1,\"MonthNum\":1,\"MonthLong\":\"April\",\"Month\":\"Apr\",\"MonthYear\":\"Apr-25\",\"MonthYearLong\":\"April-2025\"},\"maxValues\":{\"Date\":\"2037-11-14T00:00:00.000Z\",\"Day\":31,\"DayName\":\"Wednesday\",\"WeekDayNum\":6,\"Quarter\":4,\"Year\":2037,\"Year_half\":2,\"MonthNum\":12,\"MonthLong\":\"September\",\"Month\":\"Sep\",\"MonthYear\":\"Sep-37\",\"MonthYearLong\":\"September-2037\"},\"nullCount\":{\"Date\":0,\"Day\":0,\"DayName\":0,\"WeekDayNum\":0,\"Quarter\":0,\"Year\":0,\"Year_half\":0,\"MonthNum\":0,\"MonthLong\":0,\"Month\":0,\"MonthYear\":0,\"MonthYearLong\":0}}","tags":{"INSERTION_TIME":"1663461560000002","OPTIMIZE_TARGET_SIZE":"268435456"}}}
{"add":{"path":"part-00003-c16401c6-8dc5-4045-953e-815ba526a1f4-c000.snappy.parquet","partitionValues":{},"size":33378,"modificationTime":1663461560000,"dataChange":true,"stats":"{\"numRecords\":4612,\"minValues\":{\"Date\":\"2037-11-15T00:00:00.000Z\",\"Day\":1,\"DayName\":\"Friday\",\"WeekDayNum\":0,\"Quarter\":1,\"Year\":2037,\"Year_half\":1,\"MonthNum\":1,\"MonthLong\":\"April\",\"Month\":\"Apr\",\"MonthYear\":\"Apr-38\",\"MonthYearLong\":\"April-2038\"},\"maxValues\":{\"Date\":\"2050-07-01T00:00:00.000Z\",\"Day\":31,\"DayName\":\"Wednesday\",\"WeekDayNum\":6,\"Quarter\":4,\"Year\":2050,\"Year_half\":2,\"MonthNum\":12,\"MonthLong\":\"September\",\"Month\":\"Sep\",\"MonthYear\":\"Sep-49\",\"MonthYearLong\":\"September-2049\"},\"nullCount\":{\"Date\":0,\"Day\":0,\"DayName\":0,\"WeekDayNum\":0,\"Quarter\":0,\"Year\":0,\"Year_half\":0,\"MonthNum\":0,\"MonthLong\":0,\"Month\":0,\"MonthYear\":0,\"MonthYearLong\":0}}","tags":{"INSERTION_TIME":"1663461560000003","OPTIMIZE_TARGET_SIZE":"268435456"}}}
{"add":{"path":"part-00004-ab4e5e42-5aab-437a-b348-14e9649284b0-c000.snappy.parquet","partitionValues":{},"size":33352,"modificationTime":1663461560000,"dataChange":true,"stats":"{\"numRecords\":4611,\"minValues\":{\"Date\":\"2050-07-02T00:00:00.000Z\",\"Day\":1,\"DayName\":\"Friday\",\"WeekDayNum\":0,\"Quarter\":1,\"Year\":2050,\"Year_half\":1,\"MonthNum\":1,\"MonthLong\":\"April\",\"Month\":\"Apr\",\"MonthYear\":\"Apr-51\",\"MonthYearLong\":\"April-2051\"},\"maxValues\":{\"Date\":\"2063-02-14T00:00:00.000Z\",\"Day\":31,\"DayName\":\"Wednesday\",\"WeekDayNum\":6,\"Quarter\":4,\"Year\":2063,\"Year_half\":2,\"MonthNum\":12,\"MonthLong\":\"September\",\"Month\":\"Sep\",\"MonthYear\":\"Sep-62\",\"MonthYearLong\":\"September-2062\"},\"nullCount\":{\"Date\":0,\"Day\":0,\"DayName\":0,\"WeekDayNum\":0,\"Quarter\":0,\"Year\":0,\"Year_half\":0,\"MonthNum\":0,\"MonthLong\":0,\"Month\":0,\"MonthYear\":0,\"MonthYearLong\":0}}","tags":{"INSERTION_TIME":"1663461560000004","OPTIMIZE_TARGET_SIZE":"268435456"}}}
{"add":{"path":"part-00005-e4762095-9641-4c2d-ac2b-a807de09948d-c000.snappy.parquet","partitionValues":{},"size":33299,"modificationTime":1663461560000,"dataChange":true,"stats":"{\"numRecords\":4611,\"minValues\":{\"Date\":\"2063-02-15T00:00:00.000Z\",\"Day\":1,\"DayName\":\"Friday\",\"WeekDayNum\":0,\"Quarter\":1,\"Year\":2063,\"Year_half\":1,\"MonthNum\":1,\"MonthLong\":\"April\",\"Month\":\"Apr\",\"MonthYear\":\"Apr-63\",\"MonthYearLong\":\"April-2063\"},\"maxValues\":{\"Date\":\"2075-09-30T00:00:00.000Z\",\"Day\":31,\"DayName\":\"Wednesday\",\"WeekDayNum\":6,\"Quarter\":4,\"Year\":2075,\"Year_half\":2,\"MonthNum\":12,\"MonthLong\":\"September\",\"Month\":\"Sep\",\"MonthYear\":\"Sep-75\",\"MonthYearLong\":\"September-2075\"},\"nullCount\":{\"Date\":0,\"Day\":0,\"DayName\":0,\"WeekDayNum\":0,\"Quarter\":0,\"Year\":0,\"Year_half\":0,\"MonthNum\":0,\"MonthLong\":0,\"Month\":0,\"MonthYear\":0,\"MonthYearLong\":0}}","tags":{"INSERTION_TIME":"1663461560000005","OPTIMIZE_TARGET_SIZE":"268435456"}}}
{"add":{"path":"part-00006-bc873e6b-cf3e-4549-8030-17665acf0a49-c000.snappy.parquet","partitionValues":{},"size":33327,"modificationTime":1663461560000,"dataChange":true,"stats":"{\"numRecords\":4611,\"minValues\":{\"Date\":\"2075-10-01T00:00:00.000Z\",\"Day\":1,\"DayName\":\"Friday\",\"WeekDayNum\":0,\"Quarter\":1,\"Year\":2075,\"Year_half\":1,\"MonthNum\":1,\"MonthLong\":\"April\",\"Month\":\"Apr\",\"MonthYear\":\"Apr-76\",\"MonthYearLong\":\"April-2076\"},\"maxValues\":{\"Date\":\"2088-05-15T00:00:00.000Z\",\"Day\":31,\"DayName\":\"Wednesday\",\"WeekDayNum\":6,\"Quarter\":4,\"Year\":2088,\"Year_half\":2,\"MonthNum\":12,\"MonthLong\":\"September\",\"Month\":\"Sep\",\"MonthYear\":\"Sep-87\",\"MonthYearLong\":\"September-2087\"},\"nullCount\":{\"Date\":0,\"Day\":0,\"DayName\":0,\"WeekDayNum\":0,\"Quarter\":0,\"Year\":0,\"Year_half\":0,\"MonthNum\":0,\"MonthLong\":0,\"Month\":0,\"MonthYear\":0,\"MonthYearLong\":0}}","tags":{"INSERTION_TIME":"1663461560000006","OPTIMIZE_TARGET_SIZE":"268435456"}}}
{"add":{"path":"part-00007-58a0a563-1748-4f39-9a81-224921f8b57b-c000.snappy.parquet","partitionValues":{},"size":33331,"modificationTime":1663461560000,"dataChange":true,"stats":"{\"numRecords\":4612,\"minValues\":{\"Date\":\"2088-05-16T00:00:00.000Z\",\"Day\":1,\"DayName\":\"Friday\",\"WeekDayNum\":0,\"Quarter\":1,\"Year\":2088,\"Year_half\":1,\"MonthNum\":1,\"MonthLong\":\"April\",\"Month\":\"Apr\",\"MonthYear\":\"Apr-00\",\"MonthYearLong\":\"April-2089\"},\"maxValues\":{\"Date\":\"2100-12-31T00:00:00.000Z\",\"Day\":31,\"DayName\":\"Wednesday\",\"WeekDayNum\":6,\"Quarter\":4,\"Year\":2100,\"Year_half\":2,\"MonthNum\":12,\"MonthLong\":\"September\",\"Month\":\"Sep\",\"MonthYear\":\"Sep-99\",\"MonthYearLong\":\"September-2100\"},\"nullCount\":{\"Date\":0,\"Day\":0,\"DayName\":0,\"WeekDayNum\":0,\"Quarter\":0,\"Year\":0,\"Year_half\":0,\"MonthNum\":0,\"MonthLong\":0,\"Month\":0,\"MonthYear\":0,\"MonthYearLong\":0}}","tags":{"INSERTION_TIME":"1663461560000007","OPTIMIZE_TARGET_SIZE":"268435456"}}}
{"commitInfo":{"timestamp":1663461562601,"userId":"8534114395324379","userName":"jramirez@iwco.co","operation":"MERGE","operationParameters":{"predicate":"(tgt.Date = upd.Date)","matchedPredicates":"[{\"actionType\":\"update\"}]","notMatchedPredicates":"[{\"actionType\":\"insert\"}]"},"notebook":{"notebookId":"580977330729503"},"clusterId":"0917-171652-htk1q29x","readVersion":4,"isolationLevel":"WriteSerializable","isBlindAppend":false,"operationMetrics":{"numTargetRowsCopied":"0","numTargetRowsDeleted":"0","numTargetFilesAdded":"8","executionTimeMs":"9974","numTargetRowsInserted":"0","scanTimeMs":"4442","numTargetRowsUpdated":"36890","numOutputRows":"36890","numTargetChangeFilesAdded":"0","numSourceRows":"36890","numTargetFilesRemoved":"8","rewriteTimeMs":"3898"},"engineInfo":"Databricks-Runtime/10.4.x-scala2.12","txnId":"22b74b63-6d05-4ef6-b4cc-dfca35ae0205"}}
