{"commitInfo":{"timestamp":1663503952982,"userId":"8534114395324379","userName":"jramirez@iwco.co","operation":"WRITE","operationParameters":{"mode":"Overwrite","partitionBy":"[]"},"notebook":{"notebookId":"580977330729499"},"clusterId":"0917-171652-htk1q29x","readVersion":22,"isolationLevel":"WriteSerializable","isBlindAppend":false,"operationMetrics":{"numFiles":"0","numOutputRows":"0","numOutputBytes":"0"},"engineInfo":"Databricks-Runtime/10.4.x-scala2.12","txnId":"c97865f0-d4e4-43bb-8b3e-54b849c66a14"}}
