{"remove":{"path":"part-00000-e5b3ca11-2086-4ec9-a0ba-9014fa1f105d-c000.snappy.parquet","deletionTimestamp":1663462892382,"dataChange":true,"extendedFileMetadata":true,"partitionValues":{},"size":33338,"tags":{"INSERTION_TIME":"1663461903000000","OPTIMIZE_TARGET_SIZE":"268435456"}}}
{"remove":{"path":"part-00001-15e58c3d-fadd-4a0b-a4df-3b3502be96fe-c000.snappy.parquet","deletionTimestamp":1663462892382,"dataChange":true,"extendedFileMetadata":true,"partitionValues":{},"size":33355,"tags":{"INSERTION_TIME":"1663461903000001","OPTIMIZE_TARGET_SIZE":"268435456"}}}
{"remove":{"path":"part-00002-cf5827dd-b01a-4abd-80c2-fcac3ea8ae7f-c000.snappy.parquet","deletionTimestamp":1663462892382,"dataChange":true,"extendedFileMetadata":true,"partitionValues":{},"size":33336,"tags":{"INSERTION_TIME":"1663461903000002","OPTIMIZE_TARGET_SIZE":"268435456"}}}
{"remove":{"path":"part-00003-41035644-8004-4c74-b989-139c039a47ee-c000.snappy.parquet","deletionTimestamp":1663462892382,"dataChange":true,"extendedFileMetadata":true,"partitionValues":{},"size":33378,"tags":{"INSERTION_TIME":"1663461903000003","OPTIMIZE_TARGET_SIZE":"268435456"}}}
{"remove":{"path":"part-00004-1208541a-565e-4a7f-b481-ae156120f60c-c000.snappy.parquet","deletionTimestamp":1663462892382,"dataChange":true,"extendedFileMetadata":true,"partitionValues":{},"size":33352,"tags":{"INSERTION_TIME":"1663461903000004","OPTIMIZE_TARGET_SIZE":"268435456"}}}
{"remove":{"path":"part-00005-7caddd1a-0532-4fc8-9558-3950231c7474-c000.snappy.parquet","deletionTimestamp":1663462892382,"dataChange":true,"extendedFileMetadata":true,"partitionValues":{},"size":33299,"tags":{"INSERTION_TIME":"1663461903000005","OPTIMIZE_TARGET_SIZE":"268435456"}}}
{"remove":{"path":"part-00006-b1dab024-3942-4aa1-8a7d-a0faef4250de-c000.snappy.parquet","deletionTimestamp":1663462892382,"dataChange":true,"extendedFileMetadata":true,"partitionValues":{},"size":33327,"tags":{"INSERTION_TIME":"1663461903000006","OPTIMIZE_TARGET_SIZE":"268435456"}}}
{"remove":{"path":"part-00007-10c247ae-4eaa-42d3-8423-f1c8ba6aebf0-c000.snappy.parquet","deletionTimestamp":1663462892382,"dataChange":true,"extendedFileMetadata":true,"partitionValues":{},"size":33331,"tags":{"INSERTION_TIME":"1663461903000007","OPTIMIZE_TARGET_SIZE":"268435456"}}}
{"commitInfo":{"timestamp":1663462892382,"userId":"8534114395324379","userName":"jramirez@iwco.co","operation":"WRITE","operationParameters":{"mode":"Overwrite","partitionBy":"[]"},"notebook":{"notebookId":"580977330729499"},"clusterId":"0917-171652-htk1q29x","readVersion":16,"isolationLevel":"WriteSerializable","isBlindAppend":false,"operationMetrics":{"numFiles":"0","numOutputRows":"0","numOutputBytes":"0"},"engineInfo":"Databricks-Runtime/10.4.x-scala2.12","txnId":"1a24c07b-9ea3-4b18-b3f9-68f28d02e967"}}
