{"commitInfo":{"timestamp":1663437150443,"userId":"8534114395324379","userName":"jramirez@iwco.co","operation":"VACUUM START","operationParameters":{"retentionCheckEnabled":false,"specifiedRetentionMillis":0,"defaultRetentionMillis":604800000},"notebook":{"notebookId":"580977330729503"},"clusterId":"0917-171652-htk1q29x","readVersion":2,"isolationLevel":"SnapshotIsolation","isBlindAppend":true,"operationMetrics":{"numFilesToDelete":"8"},"engineInfo":"Databricks-Runtime/10.4.x-scala2.12","txnId":"5487848d-8bb3-4d91-b050-f64b5d92faf0"}}
