{"remove":{"path":"part-00000-ab863430-b6ef-487a-ab8d-1f84aaad0e92-c000.snappy.parquet","deletionTimestamp":1663506104638,"dataChange":true,"extendedFileMetadata":true,"partitionValues":{},"size":33338,"tags":{"INSERTION_TIME":"1663504719000000","OPTIMIZE_TARGET_SIZE":"268435456"}}}
{"remove":{"path":"part-00001-3126169e-cdf9-42d5-8539-290df0fca66a-c000.snappy.parquet","deletionTimestamp":1663506104638,"dataChange":true,"extendedFileMetadata":true,"partitionValues":{},"size":33355,"tags":{"INSERTION_TIME":"1663504719000001","OPTIMIZE_TARGET_SIZE":"268435456"}}}
{"remove":{"path":"part-00002-76586ef8-bec7-4763-b57c-42e7877478ef-c000.snappy.parquet","deletionTimestamp":1663506104638,"dataChange":true,"extendedFileMetadata":true,"partitionValues":{},"size":33336,"tags":{"INSERTION_TIME":"1663504719000002","OPTIMIZE_TARGET_SIZE":"268435456"}}}
{"remove":{"path":"part-00003-a19986c6-8e33-4c1b-97d1-5fbe1cc9c838-c000.snappy.parquet","deletionTimestamp":1663506104638,"dataChange":true,"extendedFileMetadata":true,"partitionValues":{},"size":33378,"tags":{"INSERTION_TIME":"1663504719000003","OPTIMIZE_TARGET_SIZE":"268435456"}}}
{"remove":{"path":"part-00004-fb20824e-5cc2-4ee8-b3ca-3b0476a50367-c000.snappy.parquet","deletionTimestamp":1663506104638,"dataChange":true,"extendedFileMetadata":true,"partitionValues":{},"size":33352,"tags":{"INSERTION_TIME":"1663504719000004","OPTIMIZE_TARGET_SIZE":"268435456"}}}
{"remove":{"path":"part-00005-7da4b95d-f4c9-4642-be87-cd28898babfd-c000.snappy.parquet","deletionTimestamp":1663506104638,"dataChange":true,"extendedFileMetadata":true,"partitionValues":{},"size":33299,"tags":{"INSERTION_TIME":"1663504719000005","OPTIMIZE_TARGET_SIZE":"268435456"}}}
{"remove":{"path":"part-00006-8e2f7790-136d-4a6d-8fa3-547b61a24085-c000.snappy.parquet","deletionTimestamp":1663506104638,"dataChange":true,"extendedFileMetadata":true,"partitionValues":{},"size":33327,"tags":{"INSERTION_TIME":"1663504719000006","OPTIMIZE_TARGET_SIZE":"268435456"}}}
{"remove":{"path":"part-00007-bd58b155-aa9e-41ba-95b2-d7b97b4d28a5-c000.snappy.parquet","deletionTimestamp":1663506104638,"dataChange":true,"extendedFileMetadata":true,"partitionValues":{},"size":33331,"tags":{"INSERTION_TIME":"1663504719000007","OPTIMIZE_TARGET_SIZE":"268435456"}}}
{"commitInfo":{"timestamp":1663506104639,"userId":"8534114395324379","userName":"jramirez@iwco.co","operation":"WRITE","operationParameters":{"mode":"Overwrite","partitionBy":"[]"},"notebook":{"notebookId":"580977330729499"},"clusterId":"0917-171652-htk1q29x","readVersion":27,"isolationLevel":"WriteSerializable","isBlindAppend":false,"operationMetrics":{"numFiles":"0","numOutputRows":"0","numOutputBytes":"0"},"engineInfo":"Databricks-Runtime/10.4.x-scala2.12","txnId":"03e00738-0e4f-466c-9a28-450089a9e8f3"}}
