{"remove":{"path":"part-00000-cec1fea6-c424-487a-b3bd-3df526037a24-c000.snappy.parquet","deletionTimestamp":1663461636767,"dataChange":true,"extendedFileMetadata":true,"partitionValues":{},"size":33338,"tags":{"INSERTION_TIME":"1663461565000000","OPTIMIZE_TARGET_SIZE":"268435456"}}}
{"remove":{"path":"part-00006-e987d0cb-bbab-42e5-87f6-5337eb48693e-c000.snappy.parquet","deletionTimestamp":1663461636767,"dataChange":true,"extendedFileMetadata":true,"partitionValues":{},"size":33327,"tags":{"INSERTION_TIME":"1663461565000006","OPTIMIZE_TARGET_SIZE":"268435456"}}}
{"remove":{"path":"part-00005-72ea94e1-eaf0-4bd6-a8af-3f803b61e5eb-c000.snappy.parquet","deletionTimestamp":1663461636767,"dataChange":true,"extendedFileMetadata":true,"partitionValues":{},"size":33299,"tags":{"INSERTION_TIME":"1663461565000005","OPTIMIZE_TARGET_SIZE":"268435456"}}}
{"remove":{"path":"part-00004-cce3170e-9456-4128-8802-64cabfa2f5d2-c000.snappy.parquet","deletionTimestamp":1663461636767,"dataChange":true,"extendedFileMetadata":true,"partitionValues":{},"size":33352,"tags":{"INSERTION_TIME":"1663461565000004","OPTIMIZE_TARGET_SIZE":"268435456"}}}
{"remove":{"path":"part-00007-21720dca-ed64-422c-9621-3f8a2c6424d3-c000.snappy.parquet","deletionTimestamp":1663461636767,"dataChange":true,"extendedFileMetadata":true,"partitionValues":{},"size":33331,"tags":{"INSERTION_TIME":"1663461565000007","OPTIMIZE_TARGET_SIZE":"268435456"}}}
{"remove":{"path":"part-00002-af61e90b-1f26-471a-b335-13cc0b3feeed-c000.snappy.parquet","deletionTimestamp":1663461636767,"dataChange":true,"extendedFileMetadata":true,"partitionValues":{},"size":33336,"tags":{"INSERTION_TIME":"1663461565000002","OPTIMIZE_TARGET_SIZE":"268435456"}}}
{"remove":{"path":"part-00003-1cc3b911-3434-4fa4-b8e4-f8b77fcd99bd-c000.snappy.parquet","deletionTimestamp":1663461636767,"dataChange":true,"extendedFileMetadata":true,"partitionValues":{},"size":33378,"tags":{"INSERTION_TIME":"1663461565000003","OPTIMIZE_TARGET_SIZE":"268435456"}}}
{"remove":{"path":"part-00001-1c711dba-c19b-4b13-b319-c9f56ad3d49f-c000.snappy.parquet","deletionTimestamp":1663461636767,"dataChange":true,"extendedFileMetadata":true,"partitionValues":{},"size":33355,"tags":{"INSERTION_TIME":"1663461565000001","OPTIMIZE_TARGET_SIZE":"268435456"}}}
{"add":{"path":"part-00000-2a233bf7-b72f-4e52-b5e2-a46f4a56025c-c000.snappy.parquet","partitionValues":{},"size":33338,"modificationTime":1663461636000,"dataChange":true,"stats":"{\"numRecords\":4611,\"minValues\":{\"Date\":\"2000-01-01T00:00:00.000Z\",\"Day\":1,\"DayName\":\"Friday\",\"WeekDayNum\":0,\"Quarter\":1,\"Year\":2000,\"Year_half\":1,\"MonthNum\":1,\"MonthLong\":\"April\",\"Month\":\"Apr\",\"MonthYear\":\"Apr-00\",\"MonthYearLong\":\"April-2000\"},\"maxValues\":{\"Date\":\"2012-08-15T00:00:00.000Z\",\"Day\":31,\"DayName\":\"Wednesday\",\"WeekDayNum\":6,\"Quarter\":4,\"Year\":2012,\"Year_half\":2,\"MonthNum\":12,\"MonthLong\":\"September\",\"Month\":\"Sep\",\"MonthYear\":\"Sep-11\",\"MonthYearLong\":\"September-2011\"},\"nullCount\":{\"Date\":0,\"Day\":0,\"DayName\":0,\"WeekDayNum\":0,\"Quarter\":0,\"Year\":0,\"Year_half\":0,\"MonthNum\":0,\"MonthLong\":0,\"Month\":0,\"MonthYear\":0,\"MonthYearLong\":0}}","tags":{"INSERTION_TIME":"1663461635000000","OPTIMIZE_TARGET_SIZE":"268435456"}}}
{"add":{"path":"part-00001-f35a98b7-4ca7-4f87-878a-54f8d9a66c2c-c000.snappy.parquet","partitionValues":{},"size":33355,"modificationTime":1663461635000,"dataChange":true,"stats":"{\"numRecords\":4611,\"minValues\":{\"Date\":\"2012-08-16T00:00:00.000Z\",\"Day\":1,\"DayName\":\"Friday\",\"WeekDayNum\":0,\"Quarter\":1,\"Year\":2012,\"Year_half\":1,\"MonthNum\":1,\"MonthLong\":\"April\",\"Month\":\"Apr\",\"MonthYear\":\"Apr-13\",\"MonthYearLong\":\"April-2013\"},\"maxValues\":{\"Date\":\"2025-03-31T00:00:00.000Z\",\"Day\":31,\"DayName\":\"Wednesday\",\"WeekDayNum\":6,\"Quarter\":4,\"Year\":2025,\"Year_half\":2,\"MonthNum\":12,\"MonthLong\":\"September\",\"Month\":\"Sep\",\"MonthYear\":\"Sep-24\",\"MonthYearLong\":\"September-2024\"},\"nullCount\":{\"Date\":0,\"Day\":0,\"DayName\":0,\"WeekDayNum\":0,\"Quarter\":0,\"Year\":0,\"Year_half\":0,\"MonthNum\":0,\"MonthLong\":0,\"Month\":0,\"MonthYear\":0,\"MonthYearLong\":0}}","tags":{"INSERTION_TIME":"1663461635000001","OPTIMIZE_TARGET_SIZE":"268435456"}}}
{"add":{"path":"part-00002-eb6ea6c7-f3c7-4051-aea4-b7dfe2adea02-c000.snappy.parquet","partitionValues":{},"size":33336,"modificationTime":1663461635000,"dataChange":true,"stats":"{\"numRecords\":4611,\"minValues\":{\"Date\":\"2025-04-01T00:00:00.000Z\",\"Day\":1,\"DayName\":\"Friday\",\"WeekDayNum\":0,\"Quarter\":1,\"Year\":2025,\"Year_half\":1,\"MonthNum\":1,\"MonthLong\":\"April\",\"Month\":\"Apr\",\"MonthYear\":\"Apr-25\",\"MonthYearLong\":\"April-2025\"},\"maxValues\":{\"Date\":\"2037-11-14T00:00:00.000Z\",\"Day\":31,\"DayName\":\"Wednesday\",\"WeekDayNum\":6,\"Quarter\":4,\"Year\":2037,\"Year_half\":2,\"MonthNum\":12,\"MonthLong\":\"September\",\"Month\":\"Sep\",\"MonthYear\":\"Sep-37\",\"MonthYearLong\":\"September-2037\"},\"nullCount\":{\"Date\":0,\"Day\":0,\"DayName\":0,\"WeekDayNum\":0,\"Quarter\":0,\"Year\":0,\"Year_half\":0,\"MonthNum\":0,\"MonthLong\":0,\"Month\":0,\"MonthYear\":0,\"MonthYearLong\":0}}","tags":{"INSERTION_TIME":"1663461635000002","OPTIMIZE_TARGET_SIZE":"268435456"}}}
{"add":{"path":"part-00003-14440a1a-526c-497d-9a0b-326693a01e72-c000.snappy.parquet","partitionValues":{},"size":33378,"modificationTime":1663461635000,"dataChange":true,"stats":"{\"numRecords\":4612,\"minValues\":{\"Date\":\"2037-11-15T00:00:00.000Z\",\"Day\":1,\"DayName\":\"Friday\",\"WeekDayNum\":0,\"Quarter\":1,\"Year\":2037,\"Year_half\":1,\"MonthNum\":1,\"MonthLong\":\"April\",\"Month\":\"Apr\",\"MonthYear\":\"Apr-38\",\"MonthYearLong\":\"April-2038\"},\"maxValues\":{\"Date\":\"2050-07-01T00:00:00.000Z\",\"Day\":31,\"DayName\":\"Wednesday\",\"WeekDayNum\":6,\"Quarter\":4,\"Year\":2050,\"Year_half\":2,\"MonthNum\":12,\"MonthLong\":\"September\",\"Month\":\"Sep\",\"MonthYear\":\"Sep-49\",\"MonthYearLong\":\"September-2049\"},\"nullCount\":{\"Date\":0,\"Day\":0,\"DayName\":0,\"WeekDayNum\":0,\"Quarter\":0,\"Year\":0,\"Year_half\":0,\"MonthNum\":0,\"MonthLong\":0,\"Month\":0,\"MonthYear\":0,\"MonthYearLong\":0}}","tags":{"INSERTION_TIME":"1663461635000003","OPTIMIZE_TARGET_SIZE":"268435456"}}}
{"add":{"path":"part-00004-34089a34-10d9-4d76-8f13-34a9d16c6799-c000.snappy.parquet","partitionValues":{},"size":33352,"modificationTime":1663461635000,"dataChange":true,"stats":"{\"numRecords\":4611,\"minValues\":{\"Date\":\"2050-07-02T00:00:00.000Z\",\"Day\":1,\"DayName\":\"Friday\",\"WeekDayNum\":0,\"Quarter\":1,\"Year\":2050,\"Year_half\":1,\"MonthNum\":1,\"MonthLong\":\"April\",\"Month\":\"Apr\",\"MonthYear\":\"Apr-51\",\"MonthYearLong\":\"April-2051\"},\"maxValues\":{\"Date\":\"2063-02-14T00:00:00.000Z\",\"Day\":31,\"DayName\":\"Wednesday\",\"WeekDayNum\":6,\"Quarter\":4,\"Year\":2063,\"Year_half\":2,\"MonthNum\":12,\"MonthLong\":\"September\",\"Month\":\"Sep\",\"MonthYear\":\"Sep-62\",\"MonthYearLong\":\"September-2062\"},\"nullCount\":{\"Date\":0,\"Day\":0,\"DayName\":0,\"WeekDayNum\":0,\"Quarter\":0,\"Year\":0,\"Year_half\":0,\"MonthNum\":0,\"MonthLong\":0,\"Month\":0,\"MonthYear\":0,\"MonthYearLong\":0}}","tags":{"INSERTION_TIME":"1663461635000004","OPTIMIZE_TARGET_SIZE":"268435456"}}}
{"add":{"path":"part-00005-c33448db-437d-4154-80bb-94ea610b2be9-c000.snappy.parquet","partitionValues":{},"size":33299,"modificationTime":1663461635000,"dataChange":true,"stats":"{\"numRecords\":4611,\"minValues\":{\"Date\":\"2063-02-15T00:00:00.000Z\",\"Day\":1,\"DayName\":\"Friday\",\"WeekDayNum\":0,\"Quarter\":1,\"Year\":2063,\"Year_half\":1,\"MonthNum\":1,\"MonthLong\":\"April\",\"Month\":\"Apr\",\"MonthYear\":\"Apr-63\",\"MonthYearLong\":\"April-2063\"},\"maxValues\":{\"Date\":\"2075-09-30T00:00:00.000Z\",\"Day\":31,\"DayName\":\"Wednesday\",\"WeekDayNum\":6,\"Quarter\":4,\"Year\":2075,\"Year_half\":2,\"MonthNum\":12,\"MonthLong\":\"September\",\"Month\":\"Sep\",\"MonthYear\":\"Sep-75\",\"MonthYearLong\":\"September-2075\"},\"nullCount\":{\"Date\":0,\"Day\":0,\"DayName\":0,\"WeekDayNum\":0,\"Quarter\":0,\"Year\":0,\"Year_half\":0,\"MonthNum\":0,\"MonthLong\":0,\"Month\":0,\"MonthYear\":0,\"MonthYearLong\":0}}","tags":{"INSERTION_TIME":"1663461635000005","OPTIMIZE_TARGET_SIZE":"268435456"}}}
{"add":{"path":"part-00006-0e47908d-cfd7-4318-8380-59de6a1c0c54-c000.snappy.parquet","partitionValues":{},"size":33327,"modificationTime":1663461635000,"dataChange":true,"stats":"{\"numRecords\":4611,\"minValues\":{\"Date\":\"2075-10-01T00:00:00.000Z\",\"Day\":1,\"DayName\":\"Friday\",\"WeekDayNum\":0,\"Quarter\":1,\"Year\":2075,\"Year_half\":1,\"MonthNum\":1,\"MonthLong\":\"April\",\"Month\":\"Apr\",\"MonthYear\":\"Apr-76\",\"MonthYearLong\":\"April-2076\"},\"maxValues\":{\"Date\":\"2088-05-15T00:00:00.000Z\",\"Day\":31,\"DayName\":\"Wednesday\",\"WeekDayNum\":6,\"Quarter\":4,\"Year\":2088,\"Year_half\":2,\"MonthNum\":12,\"MonthLong\":\"September\",\"Month\":\"Sep\",\"MonthYear\":\"Sep-87\",\"MonthYearLong\":\"September-2087\"},\"nullCount\":{\"Date\":0,\"Day\":0,\"DayName\":0,\"WeekDayNum\":0,\"Quarter\":0,\"Year\":0,\"Year_half\":0,\"MonthNum\":0,\"MonthLong\":0,\"Month\":0,\"MonthYear\":0,\"MonthYearLong\":0}}","tags":{"INSERTION_TIME":"1663461635000006","OPTIMIZE_TARGET_SIZE":"268435456"}}}
{"add":{"path":"part-00007-5ecf4b50-b444-4c01-80d2-d94d3e8e0474-c000.snappy.parquet","partitionValues":{},"size":33331,"modificationTime":1663461635000,"dataChange":true,"stats":"{\"numRecords\":4612,\"minValues\":{\"Date\":\"2088-05-16T00:00:00.000Z\",\"Day\":1,\"DayName\":\"Friday\",\"WeekDayNum\":0,\"Quarter\":1,\"Year\":2088,\"Year_half\":1,\"MonthNum\":1,\"MonthLong\":\"April\",\"Month\":\"Apr\",\"MonthYear\":\"Apr-00\",\"MonthYearLong\":\"April-2089\"},\"maxValues\":{\"Date\":\"2100-12-31T00:00:00.000Z\",\"Day\":31,\"DayName\":\"Wednesday\",\"WeekDayNum\":6,\"Quarter\":4,\"Year\":2100,\"Year_half\":2,\"MonthNum\":12,\"MonthLong\":\"September\",\"Month\":\"Sep\",\"MonthYear\":\"Sep-99\",\"MonthYearLong\":\"September-2100\"},\"nullCount\":{\"Date\":0,\"Day\":0,\"DayName\":0,\"WeekDayNum\":0,\"Quarter\":0,\"Year\":0,\"Year_half\":0,\"MonthNum\":0,\"MonthLong\":0,\"Month\":0,\"MonthYear\":0,\"MonthYearLong\":0}}","tags":{"INSERTION_TIME":"1663461635000007","OPTIMIZE_TARGET_SIZE":"268435456"}}}
{"commitInfo":{"timestamp":1663461636898,"userId":"8534114395324379","userName":"jramirez@iwco.co","operation":"MERGE","operationParameters":{"predicate":"(tgt.Date = upd.Date)","matchedPredicates":"[{\"actionType\":\"update\"}]","notMatchedPredicates":"[{\"actionType\":\"insert\"}]"},"notebook":{"notebookId":"580977330729503"},"clusterId":"0917-171652-htk1q29x","readVersion":8,"isolationLevel":"WriteSerializable","isBlindAppend":false,"operationMetrics":{"numTargetRowsCopied":"0","numTargetRowsDeleted":"0","numTargetFilesAdded":"8","executionTimeMs":"5570","numTargetRowsInserted":"0","scanTimeMs":"2639","numTargetRowsUpdated":"36890","numOutputRows":"36890","numTargetChangeFilesAdded":"0","numSourceRows":"36890","numTargetFilesRemoved":"8","rewriteTimeMs":"2727"},"engineInfo":"Databricks-Runtime/10.4.x-scala2.12","txnId":"c3f7def2-ed1d-40df-8b82-404a68031ad0"}}
