{"add":{"path":"part-00000-ab863430-b6ef-487a-ab8d-1f84aaad0e92-c000.snappy.parquet","partitionValues":{},"size":33338,"modificationTime":1663504719000,"dataChange":true,"stats":"{\"numRecords\":4611,\"minValues\":{\"Date\":\"2000-01-01T00:00:00.000Z\",\"Day\":1,\"DayName\":\"Friday\",\"WeekDayNum\":0,\"Quarter\":1,\"Year\":2000,\"Year_half\":1,\"MonthNum\":1,\"MonthLong\":\"April\",\"Month\":\"Apr\",\"MonthYear\":\"Apr-00\",\"MonthYearLong\":\"April-2000\"},\"maxValues\":{\"Date\":\"2012-08-15T00:00:00.000Z\",\"Day\":31,\"DayName\":\"Wednesday\",\"WeekDayNum\":6,\"Quarter\":4,\"Year\":2012,\"Year_half\":2,\"MonthNum\":12,\"MonthLong\":\"September\",\"Month\":\"Sep\",\"MonthYear\":\"Sep-11\",\"MonthYearLong\":\"September-2011\"},\"nullCount\":{\"Date\":0,\"Day\":0,\"DayName\":0,\"WeekDayNum\":0,\"Quarter\":0,\"Year\":0,\"Year_half\":0,\"MonthNum\":0,\"MonthLong\":0,\"Month\":0,\"MonthYear\":0,\"MonthYearLong\":0}}","tags":{"INSERTION_TIME":"1663504719000000","OPTIMIZE_TARGET_SIZE":"268435456"}}}
{"add":{"path":"part-00001-3126169e-cdf9-42d5-8539-290df0fca66a-c000.snappy.parquet","partitionValues":{},"size":33355,"modificationTime":1663504719000,"dataChange":true,"stats":"{\"numRecords\":4611,\"minValues\":{\"Date\":\"2012-08-16T00:00:00.000Z\",\"Day\":1,\"DayName\":\"Friday\",\"WeekDayNum\":0,\"Quarter\":1,\"Year\":2012,\"Year_half\":1,\"MonthNum\":1,\"MonthLong\":\"April\",\"Month\":\"Apr\",\"MonthYear\":\"Apr-13\",\"MonthYearLong\":\"April-2013\"},\"maxValues\":{\"Date\":\"2025-03-31T00:00:00.000Z\",\"Day\":31,\"DayName\":\"Wednesday\",\"WeekDayNum\":6,\"Quarter\":4,\"Year\":2025,\"Year_half\":2,\"MonthNum\":12,\"MonthLong\":\"September\",\"Month\":\"Sep\",\"MonthYear\":\"Sep-24\",\"MonthYearLong\":\"September-2024\"},\"nullCount\":{\"Date\":0,\"Day\":0,\"DayName\":0,\"WeekDayNum\":0,\"Quarter\":0,\"Year\":0,\"Year_half\":0,\"MonthNum\":0,\"MonthLong\":0,\"Month\":0,\"MonthYear\":0,\"MonthYearLong\":0}}","tags":{"INSERTION_TIME":"1663504719000001","OPTIMIZE_TARGET_SIZE":"268435456"}}}
{"add":{"path":"part-00002-76586ef8-bec7-4763-b57c-42e7877478ef-c000.snappy.parquet","partitionValues":{},"size":33336,"modificationTime":1663504719000,"dataChange":true,"stats":"{\"numRecords\":4611,\"minValues\":{\"Date\":\"2025-04-01T00:00:00.000Z\",\"Day\":1,\"DayName\":\"Friday\",\"WeekDayNum\":0,\"Quarter\":1,\"Year\":2025,\"Year_half\":1,\"MonthNum\":1,\"MonthLong\":\"April\",\"Month\":\"Apr\",\"MonthYear\":\"Apr-25\",\"MonthYearLong\":\"April-2025\"},\"maxValues\":{\"Date\":\"2037-11-14T00:00:00.000Z\",\"Day\":31,\"DayName\":\"Wednesday\",\"WeekDayNum\":6,\"Quarter\":4,\"Year\":2037,\"Year_half\":2,\"MonthNum\":12,\"MonthLong\":\"September\",\"Month\":\"Sep\",\"MonthYear\":\"Sep-37\",\"MonthYearLong\":\"September-2037\"},\"nullCount\":{\"Date\":0,\"Day\":0,\"DayName\":0,\"WeekDayNum\":0,\"Quarter\":0,\"Year\":0,\"Year_half\":0,\"MonthNum\":0,\"MonthLong\":0,\"Month\":0,\"MonthYear\":0,\"MonthYearLong\":0}}","tags":{"INSERTION_TIME":"1663504719000002","OPTIMIZE_TARGET_SIZE":"268435456"}}}
{"add":{"path":"part-00003-a19986c6-8e33-4c1b-97d1-5fbe1cc9c838-c000.snappy.parquet","partitionValues":{},"size":33378,"modificationTime":1663504720000,"dataChange":true,"stats":"{\"numRecords\":4612,\"minValues\":{\"Date\":\"2037-11-15T00:00:00.000Z\",\"Day\":1,\"DayName\":\"Friday\",\"WeekDayNum\":0,\"Quarter\":1,\"Year\":2037,\"Year_half\":1,\"MonthNum\":1,\"MonthLong\":\"April\",\"Month\":\"Apr\",\"MonthYear\":\"Apr-38\",\"MonthYearLong\":\"April-2038\"},\"maxValues\":{\"Date\":\"2050-07-01T00:00:00.000Z\",\"Day\":31,\"DayName\":\"Wednesday\",\"WeekDayNum\":6,\"Quarter\":4,\"Year\":2050,\"Year_half\":2,\"MonthNum\":12,\"MonthLong\":\"September\",\"Month\":\"Sep\",\"MonthYear\":\"Sep-49\",\"MonthYearLong\":\"September-2049\"},\"nullCount\":{\"Date\":0,\"Day\":0,\"DayName\":0,\"WeekDayNum\":0,\"Quarter\":0,\"Year\":0,\"Year_half\":0,\"MonthNum\":0,\"MonthLong\":0,\"Month\":0,\"MonthYear\":0,\"MonthYearLong\":0}}","tags":{"INSERTION_TIME":"1663504719000003","OPTIMIZE_TARGET_SIZE":"268435456"}}}
{"add":{"path":"part-00004-fb20824e-5cc2-4ee8-b3ca-3b0476a50367-c000.snappy.parquet","partitionValues":{},"size":33352,"modificationTime":1663504719000,"dataChange":true,"stats":"{\"numRecords\":4611,\"minValues\":{\"Date\":\"2050-07-02T00:00:00.000Z\",\"Day\":1,\"DayName\":\"Friday\",\"WeekDayNum\":0,\"Quarter\":1,\"Year\":2050,\"Year_half\":1,\"MonthNum\":1,\"MonthLong\":\"April\",\"Month\":\"Apr\",\"MonthYear\":\"Apr-51\",\"MonthYearLong\":\"April-2051\"},\"maxValues\":{\"Date\":\"2063-02-14T00:00:00.000Z\",\"Day\":31,\"DayName\":\"Wednesday\",\"WeekDayNum\":6,\"Quarter\":4,\"Year\":2063,\"Year_half\":2,\"MonthNum\":12,\"MonthLong\":\"September\",\"Month\":\"Sep\",\"MonthYear\":\"Sep-62\",\"MonthYearLong\":\"September-2062\"},\"nullCount\":{\"Date\":0,\"Day\":0,\"DayName\":0,\"WeekDayNum\":0,\"Quarter\":0,\"Year\":0,\"Year_half\":0,\"MonthNum\":0,\"MonthLong\":0,\"Month\":0,\"MonthYear\":0,\"MonthYearLong\":0}}","tags":{"INSERTION_TIME":"1663504719000004","OPTIMIZE_TARGET_SIZE":"268435456"}}}
{"add":{"path":"part-00005-7da4b95d-f4c9-4642-be87-cd28898babfd-c000.snappy.parquet","partitionValues":{},"size":33299,"modificationTime":1663504719000,"dataChange":true,"stats":"{\"numRecords\":4611,\"minValues\":{\"Date\":\"2063-02-15T00:00:00.000Z\",\"Day\":1,\"DayName\":\"Friday\",\"WeekDayNum\":0,\"Quarter\":1,\"Year\":2063,\"Year_half\":1,\"MonthNum\":1,\"MonthLong\":\"April\",\"Month\":\"Apr\",\"MonthYear\":\"Apr-63\",\"MonthYearLong\":\"April-2063\"},\"maxValues\":{\"Date\":\"2075-09-30T00:00:00.000Z\",\"Day\":31,\"DayName\":\"Wednesday\",\"WeekDayNum\":6,\"Quarter\":4,\"Year\":2075,\"Year_half\":2,\"MonthNum\":12,\"MonthLong\":\"September\",\"Month\":\"Sep\",\"MonthYear\":\"Sep-75\",\"MonthYearLong\":\"September-2075\"},\"nullCount\":{\"Date\":0,\"Day\":0,\"DayName\":0,\"WeekDayNum\":0,\"Quarter\":0,\"Year\":0,\"Year_half\":0,\"MonthNum\":0,\"MonthLong\":0,\"Month\":0,\"MonthYear\":0,\"MonthYearLong\":0}}","tags":{"INSERTION_TIME":"1663504719000005","OPTIMIZE_TARGET_SIZE":"268435456"}}}
{"add":{"path":"part-00006-8e2f7790-136d-4a6d-8fa3-547b61a24085-c000.snappy.parquet","partitionValues":{},"size":33327,"modificationTime":1663504719000,"dataChange":true,"stats":"{\"numRecords\":4611,\"minValues\":{\"Date\":\"2075-10-01T00:00:00.000Z\",\"Day\":1,\"DayName\":\"Friday\",\"WeekDayNum\":0,\"Quarter\":1,\"Year\":2075,\"Year_half\":1,\"MonthNum\":1,\"MonthLong\":\"April\",\"Month\":\"Apr\",\"MonthYear\":\"Apr-76\",\"MonthYearLong\":\"April-2076\"},\"maxValues\":{\"Date\":\"2088-05-15T00:00:00.000Z\",\"Day\":31,\"DayName\":\"Wednesday\",\"WeekDayNum\":6,\"Quarter\":4,\"Year\":2088,\"Year_half\":2,\"MonthNum\":12,\"MonthLong\":\"September\",\"Month\":\"Sep\",\"MonthYear\":\"Sep-87\",\"MonthYearLong\":\"September-2087\"},\"nullCount\":{\"Date\":0,\"Day\":0,\"DayName\":0,\"WeekDayNum\":0,\"Quarter\":0,\"Year\":0,\"Year_half\":0,\"MonthNum\":0,\"MonthLong\":0,\"Month\":0,\"MonthYear\":0,\"MonthYearLong\":0}}","tags":{"INSERTION_TIME":"1663504719000006","OPTIMIZE_TARGET_SIZE":"268435456"}}}
{"add":{"path":"part-00007-bd58b155-aa9e-41ba-95b2-d7b97b4d28a5-c000.snappy.parquet","partitionValues":{},"size":33331,"modificationTime":1663504720000,"dataChange":true,"stats":"{\"numRecords\":4612,\"minValues\":{\"Date\":\"2088-05-16T00:00:00.000Z\",\"Day\":1,\"DayName\":\"Friday\",\"WeekDayNum\":0,\"Quarter\":1,\"Year\":2088,\"Year_half\":1,\"MonthNum\":1,\"MonthLong\":\"April\",\"Month\":\"Apr\",\"MonthYear\":\"Apr-00\",\"MonthYearLong\":\"April-2089\"},\"maxValues\":{\"Date\":\"2100-12-31T00:00:00.000Z\",\"Day\":31,\"DayName\":\"Wednesday\",\"WeekDayNum\":6,\"Quarter\":4,\"Year\":2100,\"Year_half\":2,\"MonthNum\":12,\"MonthLong\":\"September\",\"Month\":\"Sep\",\"MonthYear\":\"Sep-99\",\"MonthYearLong\":\"September-2100\"},\"nullCount\":{\"Date\":0,\"Day\":0,\"DayName\":0,\"WeekDayNum\":0,\"Quarter\":0,\"Year\":0,\"Year_half\":0,\"MonthNum\":0,\"MonthLong\":0,\"Month\":0,\"MonthYear\":0,\"MonthYearLong\":0}}","tags":{"INSERTION_TIME":"1663504719000007","OPTIMIZE_TARGET_SIZE":"268435456"}}}
{"remove":{"path":"part-00000-1ca307e9-93ff-4c0d-929f-dd62f7de4ce2-c000.snappy.parquet","deletionTimestamp":1663504720445,"dataChange":true,"extendedFileMetadata":true,"partitionValues":{},"size":33338,"tags":{"INSERTION_TIME":"1663504712000000","OPTIMIZE_TARGET_SIZE":"268435456"}}}
{"remove":{"path":"part-00001-b332966a-1360-474a-a013-54ff0c50971f-c000.snappy.parquet","deletionTimestamp":1663504720445,"dataChange":true,"extendedFileMetadata":true,"partitionValues":{},"size":33355,"tags":{"INSERTION_TIME":"1663504712000001","OPTIMIZE_TARGET_SIZE":"268435456"}}}
{"remove":{"path":"part-00002-0f6f801c-bb6d-4824-917b-af7effdd3445-c000.snappy.parquet","deletionTimestamp":1663504720446,"dataChange":true,"extendedFileMetadata":true,"partitionValues":{},"size":33336,"tags":{"INSERTION_TIME":"1663504712000002","OPTIMIZE_TARGET_SIZE":"268435456"}}}
{"remove":{"path":"part-00003-64ea5570-7992-49fe-9e39-5402c0d54077-c000.snappy.parquet","deletionTimestamp":1663504720446,"dataChange":true,"extendedFileMetadata":true,"partitionValues":{},"size":33378,"tags":{"INSERTION_TIME":"1663504712000003","OPTIMIZE_TARGET_SIZE":"268435456"}}}
{"remove":{"path":"part-00004-67206514-47f2-480f-b0a2-64f266cc1b78-c000.snappy.parquet","deletionTimestamp":1663504720446,"dataChange":true,"extendedFileMetadata":true,"partitionValues":{},"size":33352,"tags":{"INSERTION_TIME":"1663504712000004","OPTIMIZE_TARGET_SIZE":"268435456"}}}
{"remove":{"path":"part-00005-e2fd9e09-a993-4d14-a11c-d997f8ce295b-c000.snappy.parquet","deletionTimestamp":1663504720446,"dataChange":true,"extendedFileMetadata":true,"partitionValues":{},"size":33299,"tags":{"INSERTION_TIME":"1663504712000005","OPTIMIZE_TARGET_SIZE":"268435456"}}}
{"remove":{"path":"part-00006-703d456a-3f10-43aa-b55c-8b857776f9ec-c000.snappy.parquet","deletionTimestamp":1663504720446,"dataChange":true,"extendedFileMetadata":true,"partitionValues":{},"size":33327,"tags":{"INSERTION_TIME":"1663504712000006","OPTIMIZE_TARGET_SIZE":"268435456"}}}
{"remove":{"path":"part-00007-a85cc9e8-7444-4e90-842f-837f0072d774-c000.snappy.parquet","deletionTimestamp":1663504720446,"dataChange":true,"extendedFileMetadata":true,"partitionValues":{},"size":33331,"tags":{"INSERTION_TIME":"1663504712000007","OPTIMIZE_TARGET_SIZE":"268435456"}}}
{"commitInfo":{"timestamp":1663504720448,"userId":"8534114395324379","userName":"jramirez@iwco.co","operation":"WRITE","operationParameters":{"mode":"Overwrite","partitionBy":"[]"},"notebook":{"notebookId":"580977330729503"},"clusterId":"0917-171652-htk1q29x","readVersion":24,"isolationLevel":"WriteSerializable","isBlindAppend":false,"operationMetrics":{"numFiles":"8","numOutputRows":"36890","numOutputBytes":"266716"},"engineInfo":"Databricks-Runtime/10.4.x-scala2.12","txnId":"c84403d2-cf35-49b3-ab77-d9b2f53a6be9"}}
