{"remove":{"path":"part-00003-debe50fb-c825-4e2b-a28c-e45c427ee913-c000.snappy.parquet","deletionTimestamp":1663461899518,"dataChange":true,"extendedFileMetadata":true,"partitionValues":{},"size":33378,"tags":{"INSERTION_TIME":"1663461639000003","OPTIMIZE_TARGET_SIZE":"268435456"}}}
{"remove":{"path":"part-00006-69d33ad4-0302-49ad-8066-2ec99ff51e05-c000.snappy.parquet","deletionTimestamp":1663461899518,"dataChange":true,"extendedFileMetadata":true,"partitionValues":{},"size":33327,"tags":{"INSERTION_TIME":"1663461639000006","OPTIMIZE_TARGET_SIZE":"268435456"}}}
{"remove":{"path":"part-00001-5d70a35c-8f78-4591-b28f-20ad3c9a2ad2-c000.snappy.parquet","deletionTimestamp":1663461899518,"dataChange":true,"extendedFileMetadata":true,"partitionValues":{},"size":33355,"tags":{"INSERTION_TIME":"1663461639000001","OPTIMIZE_TARGET_SIZE":"268435456"}}}
{"remove":{"path":"part-00005-ca832cc9-01c9-4d22-8e5a-3a2b0929ad0f-c000.snappy.parquet","deletionTimestamp":1663461899518,"dataChange":true,"extendedFileMetadata":true,"partitionValues":{},"size":33299,"tags":{"INSERTION_TIME":"1663461639000005","OPTIMIZE_TARGET_SIZE":"268435456"}}}
{"remove":{"path":"part-00004-b563fc69-8bda-4636-ad1c-962debe43360-c000.snappy.parquet","deletionTimestamp":1663461899518,"dataChange":true,"extendedFileMetadata":true,"partitionValues":{},"size":33352,"tags":{"INSERTION_TIME":"1663461639000004","OPTIMIZE_TARGET_SIZE":"268435456"}}}
{"remove":{"path":"part-00000-57d3da27-3acf-4fef-a84d-b9ef61cb8c56-c000.snappy.parquet","deletionTimestamp":1663461899518,"dataChange":true,"extendedFileMetadata":true,"partitionValues":{},"size":33338,"tags":{"INSERTION_TIME":"1663461639000000","OPTIMIZE_TARGET_SIZE":"268435456"}}}
{"remove":{"path":"part-00002-ae3eb5f0-0c2a-4660-9a95-12045092283a-c000.snappy.parquet","deletionTimestamp":1663461899518,"dataChange":true,"extendedFileMetadata":true,"partitionValues":{},"size":33336,"tags":{"INSERTION_TIME":"1663461639000002","OPTIMIZE_TARGET_SIZE":"268435456"}}}
{"remove":{"path":"part-00007-a3803028-f787-4f2f-a06b-97201c0acb93-c000.snappy.parquet","deletionTimestamp":1663461899518,"dataChange":true,"extendedFileMetadata":true,"partitionValues":{},"size":33331,"tags":{"INSERTION_TIME":"1663461639000007","OPTIMIZE_TARGET_SIZE":"268435456"}}}
{"add":{"path":"part-00000-2bda7c29-30cc-4a0d-bbd1-28911a8cfce2-c000.snappy.parquet","partitionValues":{},"size":33338,"modificationTime":1663461898000,"dataChange":true,"stats":"{\"numRecords\":4611,\"minValues\":{\"Date\":\"2000-01-01T00:00:00.000Z\",\"Day\":1,\"DayName\":\"Friday\",\"WeekDayNum\":0,\"Quarter\":1,\"Year\":2000,\"Year_half\":1,\"MonthNum\":1,\"MonthLong\":\"April\",\"Month\":\"Apr\",\"MonthYear\":\"Apr-00\",\"MonthYearLong\":\"April-2000\"},\"maxValues\":{\"Date\":\"2012-08-15T00:00:00.000Z\",\"Day\":31,\"DayName\":\"Wednesday\",\"WeekDayNum\":6,\"Quarter\":4,\"Year\":2012,\"Year_half\":2,\"MonthNum\":12,\"MonthLong\":\"September\",\"Month\":\"Sep\",\"MonthYear\":\"Sep-11\",\"MonthYearLong\":\"September-2011\"},\"nullCount\":{\"Date\":0,\"Day\":0,\"DayName\":0,\"WeekDayNum\":0,\"Quarter\":0,\"Year\":0,\"Year_half\":0,\"MonthNum\":0,\"MonthLong\":0,\"Month\":0,\"MonthYear\":0,\"MonthYearLong\":0}}","tags":{"INSERTION_TIME":"1663461898000000","OPTIMIZE_TARGET_SIZE":"268435456"}}}
{"add":{"path":"part-00001-02748264-0825-4505-aee2-cdd556dc3643-c000.snappy.parquet","partitionValues":{},"size":33355,"modificationTime":1663461898000,"dataChange":true,"stats":"{\"numRecords\":4611,\"minValues\":{\"Date\":\"2012-08-16T00:00:00.000Z\",\"Day\":1,\"DayName\":\"Friday\",\"WeekDayNum\":0,\"Quarter\":1,\"Year\":2012,\"Year_half\":1,\"MonthNum\":1,\"MonthLong\":\"April\",\"Month\":\"Apr\",\"MonthYear\":\"Apr-13\",\"MonthYearLong\":\"April-2013\"},\"maxValues\":{\"Date\":\"2025-03-31T00:00:00.000Z\",\"Day\":31,\"DayName\":\"Wednesday\",\"WeekDayNum\":6,\"Quarter\":4,\"Year\":2025,\"Year_half\":2,\"MonthNum\":12,\"MonthLong\":\"September\",\"Month\":\"Sep\",\"MonthYear\":\"Sep-24\",\"MonthYearLong\":\"September-2024\"},\"nullCount\":{\"Date\":0,\"Day\":0,\"DayName\":0,\"WeekDayNum\":0,\"Quarter\":0,\"Year\":0,\"Year_half\":0,\"MonthNum\":0,\"MonthLong\":0,\"Month\":0,\"MonthYear\":0,\"MonthYearLong\":0}}","tags":{"INSERTION_TIME":"1663461898000001","OPTIMIZE_TARGET_SIZE":"268435456"}}}
{"add":{"path":"part-00002-4e4180ef-da70-4e03-9b47-17d3841b462d-c000.snappy.parquet","partitionValues":{},"size":33336,"modificationTime":1663461898000,"dataChange":true,"stats":"{\"numRecords\":4611,\"minValues\":{\"Date\":\"2025-04-01T00:00:00.000Z\",\"Day\":1,\"DayName\":\"Friday\",\"WeekDayNum\":0,\"Quarter\":1,\"Year\":2025,\"Year_half\":1,\"MonthNum\":1,\"MonthLong\":\"April\",\"Month\":\"Apr\",\"MonthYear\":\"Apr-25\",\"MonthYearLong\":\"April-2025\"},\"maxValues\":{\"Date\":\"2037-11-14T00:00:00.000Z\",\"Day\":31,\"DayName\":\"Wednesday\",\"WeekDayNum\":6,\"Quarter\":4,\"Year\":2037,\"Year_half\":2,\"MonthNum\":12,\"MonthLong\":\"September\",\"Month\":\"Sep\",\"MonthYear\":\"Sep-37\",\"MonthYearLong\":\"September-2037\"},\"nullCount\":{\"Date\":0,\"Day\":0,\"DayName\":0,\"WeekDayNum\":0,\"Quarter\":0,\"Year\":0,\"Year_half\":0,\"MonthNum\":0,\"MonthLong\":0,\"Month\":0,\"MonthYear\":0,\"MonthYearLong\":0}}","tags":{"INSERTION_TIME":"1663461898000002","OPTIMIZE_TARGET_SIZE":"268435456"}}}
{"add":{"path":"part-00003-ef47aa7f-11fc-4f76-b125-7d4e009dedd7-c000.snappy.parquet","partitionValues":{},"size":33378,"modificationTime":1663461898000,"dataChange":true,"stats":"{\"numRecords\":4612,\"minValues\":{\"Date\":\"2037-11-15T00:00:00.000Z\",\"Day\":1,\"DayName\":\"Friday\",\"WeekDayNum\":0,\"Quarter\":1,\"Year\":2037,\"Year_half\":1,\"MonthNum\":1,\"MonthLong\":\"April\",\"Month\":\"Apr\",\"MonthYear\":\"Apr-38\",\"MonthYearLong\":\"April-2038\"},\"maxValues\":{\"Date\":\"2050-07-01T00:00:00.000Z\",\"Day\":31,\"DayName\":\"Wednesday\",\"WeekDayNum\":6,\"Quarter\":4,\"Year\":2050,\"Year_half\":2,\"MonthNum\":12,\"MonthLong\":\"September\",\"Month\":\"Sep\",\"MonthYear\":\"Sep-49\",\"MonthYearLong\":\"September-2049\"},\"nullCount\":{\"Date\":0,\"Day\":0,\"DayName\":0,\"WeekDayNum\":0,\"Quarter\":0,\"Year\":0,\"Year_half\":0,\"MonthNum\":0,\"MonthLong\":0,\"Month\":0,\"MonthYear\":0,\"MonthYearLong\":0}}","tags":{"INSERTION_TIME":"1663461898000003","OPTIMIZE_TARGET_SIZE":"268435456"}}}
{"add":{"path":"part-00004-e11a02f3-3a7b-4841-aff2-a7f3ff231a92-c000.snappy.parquet","partitionValues":{},"size":33352,"modificationTime":1663461898000,"dataChange":true,"stats":"{\"numRecords\":4611,\"minValues\":{\"Date\":\"2050-07-02T00:00:00.000Z\",\"Day\":1,\"DayName\":\"Friday\",\"WeekDayNum\":0,\"Quarter\":1,\"Year\":2050,\"Year_half\":1,\"MonthNum\":1,\"MonthLong\":\"April\",\"Month\":\"Apr\",\"MonthYear\":\"Apr-51\",\"MonthYearLong\":\"April-2051\"},\"maxValues\":{\"Date\":\"2063-02-14T00:00:00.000Z\",\"Day\":31,\"DayName\":\"Wednesday\",\"WeekDayNum\":6,\"Quarter\":4,\"Year\":2063,\"Year_half\":2,\"MonthNum\":12,\"MonthLong\":\"September\",\"Month\":\"Sep\",\"MonthYear\":\"Sep-62\",\"MonthYearLong\":\"September-2062\"},\"nullCount\":{\"Date\":0,\"Day\":0,\"DayName\":0,\"WeekDayNum\":0,\"Quarter\":0,\"Year\":0,\"Year_half\":0,\"MonthNum\":0,\"MonthLong\":0,\"Month\":0,\"MonthYear\":0,\"MonthYearLong\":0}}","tags":{"INSERTION_TIME":"1663461898000004","OPTIMIZE_TARGET_SIZE":"268435456"}}}
{"add":{"path":"part-00005-0dbf0349-c1cc-4ec7-a39a-8020398bca35-c000.snappy.parquet","partitionValues":{},"size":33299,"modificationTime":1663461898000,"dataChange":true,"stats":"{\"numRecords\":4611,\"minValues\":{\"Date\":\"2063-02-15T00:00:00.000Z\",\"Day\":1,\"DayName\":\"Friday\",\"WeekDayNum\":0,\"Quarter\":1,\"Year\":2063,\"Year_half\":1,\"MonthNum\":1,\"MonthLong\":\"April\",\"Month\":\"Apr\",\"MonthYear\":\"Apr-63\",\"MonthYearLong\":\"April-2063\"},\"maxValues\":{\"Date\":\"2075-09-30T00:00:00.000Z\",\"Day\":31,\"DayName\":\"Wednesday\",\"WeekDayNum\":6,\"Quarter\":4,\"Year\":2075,\"Year_half\":2,\"MonthNum\":12,\"MonthLong\":\"September\",\"Month\":\"Sep\",\"MonthYear\":\"Sep-75\",\"MonthYearLong\":\"September-2075\"},\"nullCount\":{\"Date\":0,\"Day\":0,\"DayName\":0,\"WeekDayNum\":0,\"Quarter\":0,\"Year\":0,\"Year_half\":0,\"MonthNum\":0,\"MonthLong\":0,\"Month\":0,\"MonthYear\":0,\"MonthYearLong\":0}}","tags":{"INSERTION_TIME":"1663461898000005","OPTIMIZE_TARGET_SIZE":"268435456"}}}
{"add":{"path":"part-00006-c95b73d9-f0dd-48bc-8b3d-75a2cb9d7f0b-c000.snappy.parquet","partitionValues":{},"size":33327,"modificationTime":1663461899000,"dataChange":true,"stats":"{\"numRecords\":4611,\"minValues\":{\"Date\":\"2075-10-01T00:00:00.000Z\",\"Day\":1,\"DayName\":\"Friday\",\"WeekDayNum\":0,\"Quarter\":1,\"Year\":2075,\"Year_half\":1,\"MonthNum\":1,\"MonthLong\":\"April\",\"Month\":\"Apr\",\"MonthYear\":\"Apr-76\",\"MonthYearLong\":\"April-2076\"},\"maxValues\":{\"Date\":\"2088-05-15T00:00:00.000Z\",\"Day\":31,\"DayName\":\"Wednesday\",\"WeekDayNum\":6,\"Quarter\":4,\"Year\":2088,\"Year_half\":2,\"MonthNum\":12,\"MonthLong\":\"September\",\"Month\":\"Sep\",\"MonthYear\":\"Sep-87\",\"MonthYearLong\":\"September-2087\"},\"nullCount\":{\"Date\":0,\"Day\":0,\"DayName\":0,\"WeekDayNum\":0,\"Quarter\":0,\"Year\":0,\"Year_half\":0,\"MonthNum\":0,\"MonthLong\":0,\"Month\":0,\"MonthYear\":0,\"MonthYearLong\":0}}","tags":{"INSERTION_TIME":"1663461898000006","OPTIMIZE_TARGET_SIZE":"268435456"}}}
{"add":{"path":"part-00007-5c5e4d04-45bb-489b-8c34-e86f052014ea-c000.snappy.parquet","partitionValues":{},"size":33331,"modificationTime":1663461898000,"dataChange":true,"stats":"{\"numRecords\":4612,\"minValues\":{\"Date\":\"2088-05-16T00:00:00.000Z\",\"Day\":1,\"DayName\":\"Friday\",\"WeekDayNum\":0,\"Quarter\":1,\"Year\":2088,\"Year_half\":1,\"MonthNum\":1,\"MonthLong\":\"April\",\"Month\":\"Apr\",\"MonthYear\":\"Apr-00\",\"MonthYearLong\":\"April-2089\"},\"maxValues\":{\"Date\":\"2100-12-31T00:00:00.000Z\",\"Day\":31,\"DayName\":\"Wednesday\",\"WeekDayNum\":6,\"Quarter\":4,\"Year\":2100,\"Year_half\":2,\"MonthNum\":12,\"MonthLong\":\"September\",\"Month\":\"Sep\",\"MonthYear\":\"Sep-99\",\"MonthYearLong\":\"September-2100\"},\"nullCount\":{\"Date\":0,\"Day\":0,\"DayName\":0,\"WeekDayNum\":0,\"Quarter\":0,\"Year\":0,\"Year_half\":0,\"MonthNum\":0,\"MonthLong\":0,\"Month\":0,\"MonthYear\":0,\"MonthYearLong\":0}}","tags":{"INSERTION_TIME":"1663461898000007","OPTIMIZE_TARGET_SIZE":"268435456"}}}
{"commitInfo":{"timestamp":1663461899657,"userId":"8534114395324379","userName":"jramirez@iwco.co","operation":"MERGE","operationParameters":{"predicate":"(tgt.Date = upd.Date)","matchedPredicates":"[{\"actionType\":\"update\"}]","notMatchedPredicates":"[{\"actionType\":\"insert\"}]"},"notebook":{"notebookId":"580977330729503"},"clusterId":"0917-171652-htk1q29x","readVersion":12,"isolationLevel":"WriteSerializable","isBlindAppend":false,"operationMetrics":{"numTargetRowsCopied":"0","numTargetRowsDeleted":"0","numTargetFilesAdded":"8","executionTimeMs":"5739","numTargetRowsInserted":"0","scanTimeMs":"2857","numTargetRowsUpdated":"36890","numOutputRows":"36890","numTargetChangeFilesAdded":"0","numSourceRows":"36890","numTargetFilesRemoved":"8","rewriteTimeMs":"2668"},"engineInfo":"Databricks-Runtime/10.4.x-scala2.12","txnId":"de2c50ca-a421-45cd-857b-f815a46fb48c"}}
