{"add":{"path":"part-00000-dfd87967-d4cc-4ad0-96d1-de8e9d882d4e-c000.snappy.parquet","partitionValues":{},"size":3226,"modificationTime":1663503257000,"dataChange":true,"stats":"{\"numRecords\":17,\"minValues\":{\"embedded_show_webChannel_id\":21.0,\"embedded_show_webChannel_name\":\"Aitube.kz\",\"embedded_show_webChannel_country_name\":\"China\",\"embedded_show_webChannel_country_code\":\"CN\",\"embedded_show_webChannel_country_timezone\":\"Asia/Kamchatka\",\"embedded_show_webChannel_officialSite\":\"https://hd.kinopoisk.ru/\"},\"maxValues\":{\"embedded_show_webChannel_id\":510.0,\"embedded_show_webChannel_name\":\"КиноПоиск HD\",\"embedded_show_webChannel_country_name\":\"United Kingdom\",\"embedded_show_webChannel_country_code\":\"TR\",\"embedded_show_webChannel_country_timezone\":\"Europe/Oslo\",\"embedded_show_webChannel_officialSite\":\"https://www.youtube.com\"},\"nullCount\":{\"embedded_show_webChannel_id\":0,\"embedded_show_webChannel_name\":0,\"embedded_show_webChannel_country_name\":1,\"embedded_show_webChannel_country_code\":1,\"embedded_show_webChannel_country_timezone\":1,\"embedded_show_webChannel_officialSite\":12}}","tags":{"INSERTION_TIME":"1663503257000000","OPTIMIZE_TARGET_SIZE":"268435456"}}}
{"add":{"path":"part-00001-78a9f4b5-d1fe-4fcf-8d54-ce13bc4b1e39-c000.snappy.parquet","partitionValues":{},"size":3107,"modificationTime":1663503257000,"dataChange":true,"stats":"{\"numRecords\":18,\"minValues\":{\"embedded_show_webChannel_id\":1.0,\"embedded_show_webChannel_name\":\"Brat\",\"embedded_show_webChannel_country_name\":\"China\",\"embedded_show_webChannel_country_code\":\"CN\",\"embedded_show_webChannel_country_timezone\":\"Africa/Cairo\",\"embedded_show_webChannel_officialSite\":\"https://tv.naver.com/\"},\"maxValues\":{\"embedded_show_webChannel_id\":458.0,\"embedded_show_webChannel_name\":\"iQIYI\",\"embedded_show_webChannel_country_name\":\"United States\",\"embedded_show_webChannel_country_code\":\"US\",\"embedded_show_webChannel_country_timezone\":\"Asia/Tokyo\",\"embedded_show_webChannel_officialSite\":\"https://www.seezntv.com/\"},\"nullCount\":{\"embedded_show_webChannel_id\":0,\"embedded_show_webChannel_name\":0,\"embedded_show_webChannel_country_name\":8,\"embedded_show_webChannel_country_code\":8,\"embedded_show_webChannel_country_timezone\":8,\"embedded_show_webChannel_officialSite\":11}}","tags":{"INSERTION_TIME":"1663503257000001","OPTIMIZE_TARGET_SIZE":"268435456"}}}
{"add":{"path":"part-00002-9ecad062-f91d-4a53-bca9-d31eed8fc70d-c000.snappy.parquet","partitionValues":{},"size":3273,"modificationTime":1663503258000,"dataChange":true,"stats":"{\"numRecords\":17,\"minValues\":{\"embedded_show_webChannel_id\":12.0,\"embedded_show_webChannel_name\":\"Crunchyroll\",\"embedded_show_webChannel_country_name\":\"Brazil\",\"embedded_show_webChannel_country_code\":\"BR\",\"embedded_show_webChannel_country_timezone\":\"America/New_York\",\"embedded_show_webChannel_officialSite\":\"http://www.wowpresentsplus.com\"},\"maxValues\":{\"embedded_show_webChannel_id\":356.0,\"embedded_show_webChannel_name\":\"more.tv\",\"embedded_show_webChannel_country_name\":\"United States\",\"embedded_show_webChannel_country_code\":\"US\",\"embedded_show_webChannel_country_timezone\":\"Europe/Busingen\",\"embedded_show_webChannel_officialSite\":\"https://www.videoland.com/\"},\"nullCount\":{\"embedded_show_webChannel_id\":0,\"embedded_show_webChannel_name\":0,\"embedded_show_webChannel_country_name\":4,\"embedded_show_webChannel_country_code\":4,\"embedded_show_webChannel_country_timezone\":4,\"embedded_show_webChannel_officialSite\":10}}","tags":{"INSERTION_TIME":"1663503257000002","OPTIMIZE_TARGET_SIZE":"268435456"}}}
{"add":{"path":"part-00003-7291fe62-3009-4390-b036-2e8056411e80-c000.snappy.parquet","partitionValues":{},"size":3160,"modificationTime":1663503258000,"dataChange":true,"stats":"{\"numRecords\":18,\"minValues\":{\"embedded_show_webChannel_id\":3.0,\"embedded_show_webChannel_name\":\"ALLBLK\",\"embedded_show_webChannel_country_name\":\"Belgium\",\"embedded_show_webChannel_country_code\":\"BE\",\"embedded_show_webChannel_country_timezone\":\"America/New_York\",\"embedded_show_webChannel_officialSite\":\"https://tv.apple.com/\"},\"maxValues\":{\"embedded_show_webChannel_id\":538.0,\"embedded_show_webChannel_name\":\"twitch\",\"embedded_show_webChannel_country_name\":\"United States\",\"embedded_show_webChannel_country_code\":\"US\",\"embedded_show_webChannel_country_timezone\":\"Europe/Oslo\",\"embedded_show_webChannel_officialSite\":\"https://www.primevideo.com\"},\"nullCount\":{\"embedded_show_webChannel_id\":0,\"embedded_show_webChannel_name\":0,\"embedded_show_webChannel_country_name\":7,\"embedded_show_webChannel_country_code\":7,\"embedded_show_webChannel_country_timezone\":7,\"embedded_show_webChannel_officialSite\":13}}","tags":{"INSERTION_TIME":"1663503257000003","OPTIMIZE_TARGET_SIZE":"268435456"}}}
{"add":{"path":"part-00004-1a9fc3c8-99df-491e-9203-bffe9752f5a1-c000.snappy.parquet","partitionValues":{},"size":3163,"modificationTime":1663503258000,"dataChange":true,"stats":"{\"numRecords\":17,\"minValues\":{\"embedded_show_webChannel_id\":32.0,\"embedded_show_webChannel_name\":\"ATRESplayer PREMIUM\",\"embedded_show_webChannel_country_name\":\"Canada\",\"embedded_show_webChannel_country_code\":\"CA\",\"embedded_show_webChannel_country_timezone\":\"America/Halifax\",\"embedded_show_webChannel_officialSite\":\"https://wetv.vip/\"},\"maxValues\":{\"embedded_show_webChannel_id\":533.0,\"embedded_show_webChannel_name\":\"WeTV\",\"embedded_show_webChannel_country_name\":\"United States\",\"embedded_show_webChannel_country_code\":\"US\",\"embedded_show_webChannel_country_timezone\":\"Europe/Stockholm\",\"embedded_show_webChannel_officialSite\":\"https://www.swearnet.com\"},\"nullCount\":{\"embedded_show_webChannel_id\":0,\"embedded_show_webChannel_name\":0,\"embedded_show_webChannel_country_name\":3,\"embedded_show_webChannel_country_code\":3,\"embedded_show_webChannel_country_timezone\":3,\"embedded_show_webChannel_officialSite\":13}}","tags":{"INSERTION_TIME":"1663503257000004","OPTIMIZE_TARGET_SIZE":"268435456"}}}
{"add":{"path":"part-00005-39377e2d-e4b6-4877-9c09-443e23a358ff-c000.snappy.parquet","partitionValues":{},"size":3220,"modificationTime":1663503257000,"dataChange":true,"stats":"{\"numRecords\":18,\"minValues\":{\"embedded_show_webChannel_id\":22.0,\"embedded_show_webChannel_name\":\"All 4\",\"embedded_show_webChannel_country_name\":\"Bangladesh\",\"embedded_show_webChannel_country_code\":\"BD\",\"embedded_show_webChannel_country_timezone\":\"America/New_York\",\"embedded_show_webChannel_officialSite\":\"https://www.channel4.com/\"},\"maxValues\":{\"embedded_show_webChannel_id\":518.0,\"embedded_show_webChannel_name\":\"iflix\",\"embedded_show_webChannel_country_name\":\"United States\",\"embedded_show_webChannel_country_code\":\"US\",\"embedded_show_webChannel_country_timezone\":\"Europe/Paris\",\"embedded_show_webChannel_officialSite\":\"https://www.sky.com/watch/sky-go�\"},\"nullCount\":{\"embedded_show_webChannel_id\":0,\"embedded_show_webChannel_name\":0,\"embedded_show_webChannel_country_name\":6,\"embedded_show_webChannel_country_code\":6,\"embedded_show_webChannel_country_timezone\":6,\"embedded_show_webChannel_officialSite\":16}}","tags":{"INSERTION_TIME":"1663503257000005","OPTIMIZE_TARGET_SIZE":"268435456"}}}
{"add":{"path":"part-00006-22dbbfd0-92a4-4fe6-b707-56833c55626d-c000.snappy.parquet","partitionValues":{},"size":3275,"modificationTime":1663503258000,"dataChange":true,"stats":"{\"numRecords\":17,\"minValues\":{\"embedded_show_webChannel_id\":71.0,\"embedded_show_webChannel_name\":\"ABC iView\",\"embedded_show_webChannel_country_name\":\"Australia\",\"embedded_show_webChannel_country_code\":\"AU\",\"embedded_show_webChannel_country_timezone\":\"America/New_York\",\"embedded_show_webChannel_officialSite\":\"https://www.bbc.co.uk/bbcthree\"},\"maxValues\":{\"embedded_show_webChannel_id\":506.0,\"embedded_show_webChannel_name\":\"wavve\",\"embedded_show_webChannel_country_name\":\"United States\",\"embedded_show_webChannel_country_code\":\"US\",\"embedded_show_webChannel_country_timezone\":\"Europe/London\",\"embedded_show_webChannel_officialSite\":\"https://www.wavve.com/\"},\"nullCount\":{\"embedded_show_webChannel_id\":0,\"embedded_show_webChannel_name\":0,\"embedded_show_webChannel_country_name\":4,\"embedded_show_webChannel_country_code\":4,\"embedded_show_webChannel_country_timezone\":4,\"embedded_show_webChannel_officialSite\":14}}","tags":{"INSERTION_TIME":"1663503257000006","OPTIMIZE_TARGET_SIZE":"268435456"}}}
{"add":{"path":"part-00007-e956c262-e81c-437a-b20b-ae214adf9206-c000.snappy.parquet","partitionValues":{},"size":3322,"modificationTime":1663503258000,"dataChange":true,"stats":"{\"numRecords\":18,\"minValues\":{\"embedded_show_webChannel_id\":26.0,\"embedded_show_webChannel_name\":\"AIS Play\",\"embedded_show_webChannel_country_name\":\"Canada\",\"embedded_show_webChannel_country_code\":\"CA\",\"embedded_show_webChannel_country_timezone\":\"America/Halifax\",\"embedded_show_webChannel_officialSite\":\"https://aisplay.ais.co.th/portal\"},\"maxValues\":{\"embedded_show_webChannel_id\":529.0,\"embedded_show_webChannel_name\":\"discovery+\",\"embedded_show_webChannel_country_name\":\"United States\",\"embedded_show_webChannel_country_code\":\"US\",\"embedded_show_webChannel_country_timezone\":\"Europe/Warsaw\",\"embedded_show_webChannel_officialSite\":\"https://www.bbc.co.uk/iplayer\"},\"nullCount\":{\"embedded_show_webChannel_id\":0,\"embedded_show_webChannel_name\":0,\"embedded_show_webChannel_country_name\":3,\"embedded_show_webChannel_country_code\":3,\"embedded_show_webChannel_country_timezone\":3,\"embedded_show_webChannel_officialSite\":14}}","tags":{"INSERTION_TIME":"1663503257000007","OPTIMIZE_TARGET_SIZE":"268435456"}}}
{"commitInfo":{"timestamp":1663503258440,"userId":"8534114395324379","userName":"jramirez@iwco.co","operation":"MERGE","operationParameters":{"predicate":"(tgt.embedded_show_webChannel_id = upd.embedded_show_webChannel_id)","matchedPredicates":"[{\"actionType\":\"update\"}]","notMatchedPredicates":"[{\"actionType\":\"insert\"}]"},"notebook":{"notebookId":"2332635609408812"},"clusterId":"0917-171652-htk1q29x","readVersion":1,"isolationLevel":"WriteSerializable","isBlindAppend":false,"operationMetrics":{"numTargetRowsCopied":"0","numTargetRowsDeleted":"0","numTargetFilesAdded":"8","executionTimeMs":"3334","numTargetRowsInserted":"140","scanTimeMs":"1671","numTargetRowsUpdated":"0","numOutputRows":"140","numTargetChangeFilesAdded":"0","numSourceRows":"140","numTargetFilesRemoved":"0","rewriteTimeMs":"1521"},"engineInfo":"Databricks-Runtime/10.4.x-scala2.12","txnId":"ecb94d74-8d73-43c8-a3d8-27aed2785d6c"}}
