{"remove":{"path":"part-00000-8bfcf1e9-8a95-4c81-abe3-aa0d0cc04a64-c000.snappy.parquet","deletionTimestamp":1663506115164,"dataChange":true,"extendedFileMetadata":true,"partitionValues":{},"size":3226,"tags":{"INSERTION_TIME":"1663504718000000","OPTIMIZE_TARGET_SIZE":"268435456"}}}
{"remove":{"path":"part-00001-9b76e440-35ba-45f4-bd76-2b4cd8cc7b27-c000.snappy.parquet","deletionTimestamp":1663506115164,"dataChange":true,"extendedFileMetadata":true,"partitionValues":{},"size":3107,"tags":{"INSERTION_TIME":"1663504718000001","OPTIMIZE_TARGET_SIZE":"268435456"}}}
{"remove":{"path":"part-00002-ae6d6ae8-3651-4a4e-9920-626a47a13cd9-c000.snappy.parquet","deletionTimestamp":1663506115164,"dataChange":true,"extendedFileMetadata":true,"partitionValues":{},"size":3273,"tags":{"INSERTION_TIME":"1663504718000002","OPTIMIZE_TARGET_SIZE":"268435456"}}}
{"remove":{"path":"part-00003-0529561e-7a38-4da2-8447-db0bdc742bb1-c000.snappy.parquet","deletionTimestamp":1663506115164,"dataChange":true,"extendedFileMetadata":true,"partitionValues":{},"size":3160,"tags":{"INSERTION_TIME":"1663504718000003","OPTIMIZE_TARGET_SIZE":"268435456"}}}
{"remove":{"path":"part-00004-a6c9c75f-6d1d-4043-acd0-2335a60f09f9-c000.snappy.parquet","deletionTimestamp":1663506115164,"dataChange":true,"extendedFileMetadata":true,"partitionValues":{},"size":3163,"tags":{"INSERTION_TIME":"1663504718000004","OPTIMIZE_TARGET_SIZE":"268435456"}}}
{"remove":{"path":"part-00005-e04d4044-1b83-48b8-b103-46cc3fd7fad3-c000.snappy.parquet","deletionTimestamp":1663506115164,"dataChange":true,"extendedFileMetadata":true,"partitionValues":{},"size":3220,"tags":{"INSERTION_TIME":"1663504718000005","OPTIMIZE_TARGET_SIZE":"268435456"}}}
{"remove":{"path":"part-00006-bd1a0a3e-b92b-4c60-ab08-fc0d15360196-c000.snappy.parquet","deletionTimestamp":1663506115164,"dataChange":true,"extendedFileMetadata":true,"partitionValues":{},"size":3275,"tags":{"INSERTION_TIME":"1663504718000006","OPTIMIZE_TARGET_SIZE":"268435456"}}}
{"remove":{"path":"part-00007-4e38a9da-eb7f-4f55-9619-14bbae5bd048-c000.snappy.parquet","deletionTimestamp":1663506115164,"dataChange":true,"extendedFileMetadata":true,"partitionValues":{},"size":3322,"tags":{"INSERTION_TIME":"1663504718000007","OPTIMIZE_TARGET_SIZE":"268435456"}}}
{"commitInfo":{"timestamp":1663506115165,"userId":"8534114395324379","userName":"jramirez@iwco.co","operation":"WRITE","operationParameters":{"mode":"Overwrite","partitionBy":"[]"},"notebook":{"notebookId":"580977330729499"},"clusterId":"0917-171652-htk1q29x","readVersion":14,"isolationLevel":"WriteSerializable","isBlindAppend":false,"operationMetrics":{"numFiles":"0","numOutputRows":"0","numOutputBytes":"0"},"engineInfo":"Databricks-Runtime/10.4.x-scala2.12","txnId":"cd926ce3-6fbf-4e81-87bf-4f26359b9fde"}}
