{"remove":{"path":"part-00000-e98d372f-c124-47b6-8b31-444863adf907-c000.snappy.parquet","deletionTimestamp":1663503963529,"dataChange":true,"extendedFileMetadata":true,"partitionValues":{},"size":3226,"tags":{"INSERTION_TIME":"1663503299000000","OPTIMIZE_TARGET_SIZE":"268435456"}}}
{"remove":{"path":"part-00001-a0a40a2f-dff5-4401-a7c6-56d5a28a91c8-c000.snappy.parquet","deletionTimestamp":1663503963529,"dataChange":true,"extendedFileMetadata":true,"partitionValues":{},"size":3107,"tags":{"INSERTION_TIME":"1663503299000001","OPTIMIZE_TARGET_SIZE":"268435456"}}}
{"remove":{"path":"part-00002-6f3e986f-b704-4440-b6de-6670bd6ed56f-c000.snappy.parquet","deletionTimestamp":1663503963529,"dataChange":true,"extendedFileMetadata":true,"partitionValues":{},"size":3273,"tags":{"INSERTION_TIME":"1663503299000002","OPTIMIZE_TARGET_SIZE":"268435456"}}}
{"remove":{"path":"part-00003-a883db7a-37e3-4cf9-a7a6-09f39d78f1dc-c000.snappy.parquet","deletionTimestamp":1663503963529,"dataChange":true,"extendedFileMetadata":true,"partitionValues":{},"size":3160,"tags":{"INSERTION_TIME":"1663503299000003","OPTIMIZE_TARGET_SIZE":"268435456"}}}
{"remove":{"path":"part-00004-fb4f2596-2e1f-48f8-8f46-647a8a79e685-c000.snappy.parquet","deletionTimestamp":1663503963529,"dataChange":true,"extendedFileMetadata":true,"partitionValues":{},"size":3163,"tags":{"INSERTION_TIME":"1663503299000004","OPTIMIZE_TARGET_SIZE":"268435456"}}}
{"remove":{"path":"part-00005-27d6e921-984f-4d6c-80ff-0e2731e3831d-c000.snappy.parquet","deletionTimestamp":1663503963529,"dataChange":true,"extendedFileMetadata":true,"partitionValues":{},"size":3220,"tags":{"INSERTION_TIME":"1663503299000005","OPTIMIZE_TARGET_SIZE":"268435456"}}}
{"remove":{"path":"part-00006-1144eb42-7f1e-475b-994e-dc6d9d3dfcd3-c000.snappy.parquet","deletionTimestamp":1663503963529,"dataChange":true,"extendedFileMetadata":true,"partitionValues":{},"size":3275,"tags":{"INSERTION_TIME":"1663503299000006","OPTIMIZE_TARGET_SIZE":"268435456"}}}
{"remove":{"path":"part-00007-a35dbd23-378e-447a-b7cf-0352ec6700ba-c000.snappy.parquet","deletionTimestamp":1663503963529,"dataChange":true,"extendedFileMetadata":true,"partitionValues":{},"size":3322,"tags":{"INSERTION_TIME":"1663503299000007","OPTIMIZE_TARGET_SIZE":"268435456"}}}
{"commitInfo":{"timestamp":1663503963531,"userId":"8534114395324379","userName":"jramirez@iwco.co","operation":"WRITE","operationParameters":{"mode":"Overwrite","partitionBy":"[]"},"notebook":{"notebookId":"580977330729499"},"clusterId":"0917-171652-htk1q29x","readVersion":9,"isolationLevel":"WriteSerializable","isBlindAppend":false,"operationMetrics":{"numFiles":"0","numOutputRows":"0","numOutputBytes":"0"},"engineInfo":"Databricks-Runtime/10.4.x-scala2.12","txnId":"929163d6-ddfb-4b3a-be53-8b90ed7ff68c"}}
