{"add":{"path":"part-00000-e98d372f-c124-47b6-8b31-444863adf907-c000.snappy.parquet","partitionValues":{},"size":3226,"modificationTime":1663503299000,"dataChange":true,"stats":"{\"numRecords\":17,\"minValues\":{\"embedded_show_webChannel_id\":21.0,\"embedded_show_webChannel_name\":\"Aitube.kz\",\"embedded_show_webChannel_country_name\":\"China\",\"embedded_show_webChannel_country_code\":\"CN\",\"embedded_show_webChannel_country_timezone\":\"Asia/Kamchatka\",\"embedded_show_webChannel_officialSite\":\"https://hd.kinopoisk.ru/\"},\"maxValues\":{\"embedded_show_webChannel_id\":510.0,\"embedded_show_webChannel_name\":\"КиноПоиск HD\",\"embedded_show_webChannel_country_name\":\"United Kingdom\",\"embedded_show_webChannel_country_code\":\"TR\",\"embedded_show_webChannel_country_timezone\":\"Europe/Oslo\",\"embedded_show_webChannel_officialSite\":\"https://www.youtube.com\"},\"nullCount\":{\"embedded_show_webChannel_id\":0,\"embedded_show_webChannel_name\":0,\"embedded_show_webChannel_country_name\":1,\"embedded_show_webChannel_country_code\":1,\"embedded_show_webChannel_country_timezone\":1,\"embedded_show_webChannel_officialSite\":12}}","tags":{"INSERTION_TIME":"1663503299000000","OPTIMIZE_TARGET_SIZE":"268435456"}}}
{"add":{"path":"part-00001-a0a40a2f-dff5-4401-a7c6-56d5a28a91c8-c000.snappy.parquet","partitionValues":{},"size":3107,"modificationTime":1663503300000,"dataChange":true,"stats":"{\"numRecords\":18,\"minValues\":{\"embedded_show_webChannel_id\":1.0,\"embedded_show_webChannel_name\":\"Brat\",\"embedded_show_webChannel_country_name\":\"China\",\"embedded_show_webChannel_country_code\":\"CN\",\"embedded_show_webChannel_country_timezone\":\"Africa/Cairo\",\"embedded_show_webChannel_officialSite\":\"https://tv.naver.com/\"},\"maxValues\":{\"embedded_show_webChannel_id\":458.0,\"embedded_show_webChannel_name\":\"iQIYI\",\"embedded_show_webChannel_country_name\":\"United States\",\"embedded_show_webChannel_country_code\":\"US\",\"embedded_show_webChannel_country_timezone\":\"Asia/Tokyo\",\"embedded_show_webChannel_officialSite\":\"https://www.seezntv.com/\"},\"nullCount\":{\"embedded_show_webChannel_id\":0,\"embedded_show_webChannel_name\":0,\"embedded_show_webChannel_country_name\":8,\"embedded_show_webChannel_country_code\":8,\"embedded_show_webChannel_country_timezone\":8,\"embedded_show_webChannel_officialSite\":11}}","tags":{"INSERTION_TIME":"1663503299000001","OPTIMIZE_TARGET_SIZE":"268435456"}}}
{"add":{"path":"part-00002-6f3e986f-b704-4440-b6de-6670bd6ed56f-c000.snappy.parquet","partitionValues":{},"size":3273,"modificationTime":1663503299000,"dataChange":true,"stats":"{\"numRecords\":17,\"minValues\":{\"embedded_show_webChannel_id\":12.0,\"embedded_show_webChannel_name\":\"Crunchyroll\",\"embedded_show_webChannel_country_name\":\"Brazil\",\"embedded_show_webChannel_country_code\":\"BR\",\"embedded_show_webChannel_country_timezone\":\"America/New_York\",\"embedded_show_webChannel_officialSite\":\"http://www.wowpresentsplus.com\"},\"maxValues\":{\"embedded_show_webChannel_id\":356.0,\"embedded_show_webChannel_name\":\"more.tv\",\"embedded_show_webChannel_country_name\":\"United States\",\"embedded_show_webChannel_country_code\":\"US\",\"embedded_show_webChannel_country_timezone\":\"Europe/Busingen\",\"embedded_show_webChannel_officialSite\":\"https://www.videoland.com/\"},\"nullCount\":{\"embedded_show_webChannel_id\":0,\"embedded_show_webChannel_name\":0,\"embedded_show_webChannel_country_name\":4,\"embedded_show_webChannel_country_code\":4,\"embedded_show_webChannel_country_timezone\":4,\"embedded_show_webChannel_officialSite\":10}}","tags":{"INSERTION_TIME":"1663503299000002","OPTIMIZE_TARGET_SIZE":"268435456"}}}
{"add":{"path":"part-00003-a883db7a-37e3-4cf9-a7a6-09f39d78f1dc-c000.snappy.parquet","partitionValues":{},"size":3160,"modificationTime":1663503299000,"dataChange":true,"stats":"{\"numRecords\":18,\"minValues\":{\"embedded_show_webChannel_id\":3.0,\"embedded_show_webChannel_name\":\"ALLBLK\",\"embedded_show_webChannel_country_name\":\"Belgium\",\"embedded_show_webChannel_country_code\":\"BE\",\"embedded_show_webChannel_country_timezone\":\"America/New_York\",\"embedded_show_webChannel_officialSite\":\"https://tv.apple.com/\"},\"maxValues\":{\"embedded_show_webChannel_id\":538.0,\"embedded_show_webChannel_name\":\"twitch\",\"embedded_show_webChannel_country_name\":\"United States\",\"embedded_show_webChannel_country_code\":\"US\",\"embedded_show_webChannel_country_timezone\":\"Europe/Oslo\",\"embedded_show_webChannel_officialSite\":\"https://www.primevideo.com\"},\"nullCount\":{\"embedded_show_webChannel_id\":0,\"embedded_show_webChannel_name\":0,\"embedded_show_webChannel_country_name\":7,\"embedded_show_webChannel_country_code\":7,\"embedded_show_webChannel_country_timezone\":7,\"embedded_show_webChannel_officialSite\":13}}","tags":{"INSERTION_TIME":"1663503299000003","OPTIMIZE_TARGET_SIZE":"268435456"}}}
{"add":{"path":"part-00004-fb4f2596-2e1f-48f8-8f46-647a8a79e685-c000.snappy.parquet","partitionValues":{},"size":3163,"modificationTime":1663503299000,"dataChange":true,"stats":"{\"numRecords\":17,\"minValues\":{\"embedded_show_webChannel_id\":32.0,\"embedded_show_webChannel_name\":\"ATRESplayer PREMIUM\",\"embedded_show_webChannel_country_name\":\"Canada\",\"embedded_show_webChannel_country_code\":\"CA\",\"embedded_show_webChannel_country_timezone\":\"America/Halifax\",\"embedded_show_webChannel_officialSite\":\"https://wetv.vip/\"},\"maxValues\":{\"embedded_show_webChannel_id\":533.0,\"embedded_show_webChannel_name\":\"WeTV\",\"embedded_show_webChannel_country_name\":\"United States\",\"embedded_show_webChannel_country_code\":\"US\",\"embedded_show_webChannel_country_timezone\":\"Europe/Stockholm\",\"embedded_show_webChannel_officialSite\":\"https://www.swearnet.com\"},\"nullCount\":{\"embedded_show_webChannel_id\":0,\"embedded_show_webChannel_name\":0,\"embedded_show_webChannel_country_name\":3,\"embedded_show_webChannel_country_code\":3,\"embedded_show_webChannel_country_timezone\":3,\"embedded_show_webChannel_officialSite\":13}}","tags":{"INSERTION_TIME":"1663503299000004","OPTIMIZE_TARGET_SIZE":"268435456"}}}
{"add":{"path":"part-00005-27d6e921-984f-4d6c-80ff-0e2731e3831d-c000.snappy.parquet","partitionValues":{},"size":3220,"modificationTime":1663503299000,"dataChange":true,"stats":"{\"numRecords\":18,\"minValues\":{\"embedded_show_webChannel_id\":22.0,\"embedded_show_webChannel_name\":\"All 4\",\"embedded_show_webChannel_country_name\":\"Bangladesh\",\"embedded_show_webChannel_country_code\":\"BD\",\"embedded_show_webChannel_country_timezone\":\"America/New_York\",\"embedded_show_webChannel_officialSite\":\"https://www.channel4.com/\"},\"maxValues\":{\"embedded_show_webChannel_id\":518.0,\"embedded_show_webChannel_name\":\"iflix\",\"embedded_show_webChannel_country_name\":\"United States\",\"embedded_show_webChannel_country_code\":\"US\",\"embedded_show_webChannel_country_timezone\":\"Europe/Paris\",\"embedded_show_webChannel_officialSite\":\"https://www.sky.com/watch/sky-go�\"},\"nullCount\":{\"embedded_show_webChannel_id\":0,\"embedded_show_webChannel_name\":0,\"embedded_show_webChannel_country_name\":6,\"embedded_show_webChannel_country_code\":6,\"embedded_show_webChannel_country_timezone\":6,\"embedded_show_webChannel_officialSite\":16}}","tags":{"INSERTION_TIME":"1663503299000005","OPTIMIZE_TARGET_SIZE":"268435456"}}}
{"add":{"path":"part-00006-1144eb42-7f1e-475b-994e-dc6d9d3dfcd3-c000.snappy.parquet","partitionValues":{},"size":3275,"modificationTime":1663503299000,"dataChange":true,"stats":"{\"numRecords\":17,\"minValues\":{\"embedded_show_webChannel_id\":71.0,\"embedded_show_webChannel_name\":\"ABC iView\",\"embedded_show_webChannel_country_name\":\"Australia\",\"embedded_show_webChannel_country_code\":\"AU\",\"embedded_show_webChannel_country_timezone\":\"America/New_York\",\"embedded_show_webChannel_officialSite\":\"https://www.bbc.co.uk/bbcthree\"},\"maxValues\":{\"embedded_show_webChannel_id\":506.0,\"embedded_show_webChannel_name\":\"wavve\",\"embedded_show_webChannel_country_name\":\"United States\",\"embedded_show_webChannel_country_code\":\"US\",\"embedded_show_webChannel_country_timezone\":\"Europe/London\",\"embedded_show_webChannel_officialSite\":\"https://www.wavve.com/\"},\"nullCount\":{\"embedded_show_webChannel_id\":0,\"embedded_show_webChannel_name\":0,\"embedded_show_webChannel_country_name\":4,\"embedded_show_webChannel_country_code\":4,\"embedded_show_webChannel_country_timezone\":4,\"embedded_show_webChannel_officialSite\":14}}","tags":{"INSERTION_TIME":"1663503299000006","OPTIMIZE_TARGET_SIZE":"268435456"}}}
{"add":{"path":"part-00007-a35dbd23-378e-447a-b7cf-0352ec6700ba-c000.snappy.parquet","partitionValues":{},"size":3322,"modificationTime":1663503300000,"dataChange":true,"stats":"{\"numRecords\":18,\"minValues\":{\"embedded_show_webChannel_id\":26.0,\"embedded_show_webChannel_name\":\"AIS Play\",\"embedded_show_webChannel_country_name\":\"Canada\",\"embedded_show_webChannel_country_code\":\"CA\",\"embedded_show_webChannel_country_timezone\":\"America/Halifax\",\"embedded_show_webChannel_officialSite\":\"https://aisplay.ais.co.th/portal\"},\"maxValues\":{\"embedded_show_webChannel_id\":529.0,\"embedded_show_webChannel_name\":\"discovery+\",\"embedded_show_webChannel_country_name\":\"United States\",\"embedded_show_webChannel_country_code\":\"US\",\"embedded_show_webChannel_country_timezone\":\"Europe/Warsaw\",\"embedded_show_webChannel_officialSite\":\"https://www.bbc.co.uk/iplayer\"},\"nullCount\":{\"embedded_show_webChannel_id\":0,\"embedded_show_webChannel_name\":0,\"embedded_show_webChannel_country_name\":3,\"embedded_show_webChannel_country_code\":3,\"embedded_show_webChannel_country_timezone\":3,\"embedded_show_webChannel_officialSite\":14}}","tags":{"INSERTION_TIME":"1663503299000007","OPTIMIZE_TARGET_SIZE":"268435456"}}}
{"remove":{"path":"part-00000-bec8843a-74d6-4ea5-8524-8ad2db4a73cf-c000.snappy.parquet","deletionTimestamp":1663503300797,"dataChange":true,"extendedFileMetadata":true,"partitionValues":{},"size":3226,"tags":{"INSERTION_TIME":"1663503296000000","OPTIMIZE_TARGET_SIZE":"268435456"}}}
{"remove":{"path":"part-00001-b909ca33-d500-4f48-9b62-85bf9c2aef84-c000.snappy.parquet","deletionTimestamp":1663503300797,"dataChange":true,"extendedFileMetadata":true,"partitionValues":{},"size":3107,"tags":{"INSERTION_TIME":"1663503296000001","OPTIMIZE_TARGET_SIZE":"268435456"}}}
{"remove":{"path":"part-00002-f5716dd3-8ddb-432b-aec3-de4b494426d1-c000.snappy.parquet","deletionTimestamp":1663503300797,"dataChange":true,"extendedFileMetadata":true,"partitionValues":{},"size":3273,"tags":{"INSERTION_TIME":"1663503296000002","OPTIMIZE_TARGET_SIZE":"268435456"}}}
{"remove":{"path":"part-00003-2b1020d8-fcd5-4572-8029-3ed27e6e8887-c000.snappy.parquet","deletionTimestamp":1663503300797,"dataChange":true,"extendedFileMetadata":true,"partitionValues":{},"size":3160,"tags":{"INSERTION_TIME":"1663503296000003","OPTIMIZE_TARGET_SIZE":"268435456"}}}
{"remove":{"path":"part-00004-a294d906-726c-4acb-88b6-8d2f78b565d9-c000.snappy.parquet","deletionTimestamp":1663503300797,"dataChange":true,"extendedFileMetadata":true,"partitionValues":{},"size":3163,"tags":{"INSERTION_TIME":"1663503296000004","OPTIMIZE_TARGET_SIZE":"268435456"}}}
{"remove":{"path":"part-00005-dd723cc8-2de0-4735-b7c0-9fdb2140646f-c000.snappy.parquet","deletionTimestamp":1663503300797,"dataChange":true,"extendedFileMetadata":true,"partitionValues":{},"size":3220,"tags":{"INSERTION_TIME":"1663503296000005","OPTIMIZE_TARGET_SIZE":"268435456"}}}
{"remove":{"path":"part-00006-650571ea-123b-4888-8a81-8d831fab8f0f-c000.snappy.parquet","deletionTimestamp":1663503300797,"dataChange":true,"extendedFileMetadata":true,"partitionValues":{},"size":3275,"tags":{"INSERTION_TIME":"1663503296000006","OPTIMIZE_TARGET_SIZE":"268435456"}}}
{"remove":{"path":"part-00007-a44f2a28-7003-4b41-aff9-4a445247e252-c000.snappy.parquet","deletionTimestamp":1663503300797,"dataChange":true,"extendedFileMetadata":true,"partitionValues":{},"size":3322,"tags":{"INSERTION_TIME":"1663503296000007","OPTIMIZE_TARGET_SIZE":"268435456"}}}
{"commitInfo":{"timestamp":1663503300798,"userId":"8534114395324379","userName":"jramirez@iwco.co","operation":"WRITE","operationParameters":{"mode":"Overwrite","partitionBy":"[]"},"notebook":{"notebookId":"2332635609408812"},"clusterId":"0917-171652-htk1q29x","readVersion":6,"isolationLevel":"WriteSerializable","isBlindAppend":false,"operationMetrics":{"numFiles":"8","numOutputRows":"140","numOutputBytes":"25746"},"engineInfo":"Databricks-Runtime/10.4.x-scala2.12","txnId":"2719bc20-aab1-4176-be38-691ba8d187b7"}}
