{"commitInfo":{"timestamp":1663503269367,"userId":"8534114395324379","userName":"jramirez@iwco.co","operation":"VACUUM START","operationParameters":{"retentionCheckEnabled":false,"specifiedRetentionMillis":0,"defaultRetentionMillis":604800000},"notebook":{"notebookId":"2332635609408812"},"clusterId":"0917-171652-htk1q29x","readVersion":3,"isolationLevel":"SnapshotIsolation","isBlindAppend":true,"operationMetrics":{"numFilesToDelete":"8"},"engineInfo":"Databricks-Runtime/10.4.x-scala2.12","txnId":"5e3d4aea-32b1-4f5a-ba20-a9b74423d2c7"}}
