{"commitInfo":{"timestamp":1663510067089,"userId":"8534114395324379","userName":"jramirez@iwco.co","operation":"WRITE","operationParameters":{"mode":"Overwrite","partitionBy":"[]"},"notebook":{"notebookId":"580977330729499"},"clusterId":"0917-171652-htk1q29x","readVersion":18,"isolationLevel":"WriteSerializable","isBlindAppend":false,"operationMetrics":{"numFiles":"0","numOutputRows":"0","numOutputBytes":"0"},"engineInfo":"Databricks-Runtime/10.4.x-scala2.12","txnId":"52590937-9110-411f-b972-b3c5ff17d3fe"}}
