{"protocol":{"minReaderVersion":1,"minWriterVersion":2}}
{"metaData":{"id":"a519e9a8-7726-4b5b-9ded-e829e4d7549b","format":{"provider":"parquet","options":{}},"schemaString":"{\"type\":\"struct\",\"fields\":[{\"name\":\"embedded_show_webChannel_id\",\"type\":\"double\",\"nullable\":true,\"metadata\":{}},{\"name\":\"embedded_show_webChannel_name\",\"type\":\"string\",\"nullable\":true,\"metadata\":{}},{\"name\":\"embedded_show_webChannel_country_name\",\"type\":\"string\",\"nullable\":true,\"metadata\":{}},{\"name\":\"embedded_show_webChannel_country_code\",\"type\":\"string\",\"nullable\":true,\"metadata\":{}},{\"name\":\"embedded_show_webChannel_country_timezone\",\"type\":\"string\",\"nullable\":true,\"metadata\":{}},{\"name\":\"embedded_show_webChannel_officialSite\",\"type\":\"string\",\"nullable\":true,\"metadata\":{}}]}","partitionColumns":[],"configuration":{},"createdTime":1663503116291}}
{"commitInfo":{"timestamp":1663503117170,"userId":"8534114395324379","userName":"jramirez@iwco.co","operation":"WRITE","operationParameters":{"mode":"Overwrite","partitionBy":"[]"},"notebook":{"notebookId":"580977330729499"},"clusterId":"0917-171652-htk1q29x","isolationLevel":"WriteSerializable","isBlindAppend":false,"operationMetrics":{"numFiles":"0","numOutputRows":"0","numOutputBytes":"0"},"engineInfo":"Databricks-Runtime/10.4.x-scala2.12","txnId":"2cf4608c-9eff-4257-ad0d-95fb99dc1525"}}
