{"commitInfo":{"timestamp":1663504729703,"userId":"8534114395324379","userName":"jramirez@iwco.co","operation":"VACUUM START","operationParameters":{"retentionCheckEnabled":false,"specifiedRetentionMillis":0,"defaultRetentionMillis":604800000},"notebook":{"notebookId":"2332635609408812"},"clusterId":"0917-171652-htk1q29x","readVersion":12,"isolationLevel":"SnapshotIsolation","isBlindAppend":true,"operationMetrics":{"numFilesToDelete":"16"},"engineInfo":"Databricks-Runtime/10.4.x-scala2.12","txnId":"ca977666-c07c-40ae-b877-5febf2f7a9b1"}}
