{"add":{"path":"part-00000-b257ca8c-1f43-4b8d-957d-26914c8c31f0-c000.snappy.parquet","partitionValues":{},"size":3226,"modificationTime":1663504712000,"dataChange":true,"stats":"{\"numRecords\":17,\"minValues\":{\"embedded_show_webChannel_id\":21.0,\"embedded_show_webChannel_name\":\"Aitube.kz\",\"embedded_show_webChannel_country_name\":\"China\",\"embedded_show_webChannel_country_code\":\"CN\",\"embedded_show_webChannel_country_timezone\":\"Asia/Kamchatka\",\"embedded_show_webChannel_officialSite\":\"https://hd.kinopoisk.ru/\"},\"maxValues\":{\"embedded_show_webChannel_id\":510.0,\"embedded_show_webChannel_name\":\"КиноПоиск HD\",\"embedded_show_webChannel_country_name\":\"United Kingdom\",\"embedded_show_webChannel_country_code\":\"TR\",\"embedded_show_webChannel_country_timezone\":\"Europe/Oslo\",\"embedded_show_webChannel_officialSite\":\"https://www.youtube.com\"},\"nullCount\":{\"embedded_show_webChannel_id\":0,\"embedded_show_webChannel_name\":0,\"embedded_show_webChannel_country_name\":1,\"embedded_show_webChannel_country_code\":1,\"embedded_show_webChannel_country_timezone\":1,\"embedded_show_webChannel_officialSite\":12}}","tags":{"INSERTION_TIME":"1663504712000000","OPTIMIZE_TARGET_SIZE":"268435456"}}}
{"add":{"path":"part-00001-33b01600-8f3d-4a6e-a3ec-74220417c0b2-c000.snappy.parquet","partitionValues":{},"size":3107,"modificationTime":1663504713000,"dataChange":true,"stats":"{\"numRecords\":18,\"minValues\":{\"embedded_show_webChannel_id\":1.0,\"embedded_show_webChannel_name\":\"Brat\",\"embedded_show_webChannel_country_name\":\"China\",\"embedded_show_webChannel_country_code\":\"CN\",\"embedded_show_webChannel_country_timezone\":\"Africa/Cairo\",\"embedded_show_webChannel_officialSite\":\"https://tv.naver.com/\"},\"maxValues\":{\"embedded_show_webChannel_id\":458.0,\"embedded_show_webChannel_name\":\"iQIYI\",\"embedded_show_webChannel_country_name\":\"United States\",\"embedded_show_webChannel_country_code\":\"US\",\"embedded_show_webChannel_country_timezone\":\"Asia/Tokyo\",\"embedded_show_webChannel_officialSite\":\"https://www.seezntv.com/\"},\"nullCount\":{\"embedded_show_webChannel_id\":0,\"embedded_show_webChannel_name\":0,\"embedded_show_webChannel_country_name\":8,\"embedded_show_webChannel_country_code\":8,\"embedded_show_webChannel_country_timezone\":8,\"embedded_show_webChannel_officialSite\":11}}","tags":{"INSERTION_TIME":"1663504712000001","OPTIMIZE_TARGET_SIZE":"268435456"}}}
{"add":{"path":"part-00002-2b92ef90-d2f4-4ec4-8234-8754a88fecaf-c000.snappy.parquet","partitionValues":{},"size":3273,"modificationTime":1663504712000,"dataChange":true,"stats":"{\"numRecords\":17,\"minValues\":{\"embedded_show_webChannel_id\":12.0,\"embedded_show_webChannel_name\":\"Crunchyroll\",\"embedded_show_webChannel_country_name\":\"Brazil\",\"embedded_show_webChannel_country_code\":\"BR\",\"embedded_show_webChannel_country_timezone\":\"America/New_York\",\"embedded_show_webChannel_officialSite\":\"http://www.wowpresentsplus.com\"},\"maxValues\":{\"embedded_show_webChannel_id\":356.0,\"embedded_show_webChannel_name\":\"more.tv\",\"embedded_show_webChannel_country_name\":\"United States\",\"embedded_show_webChannel_country_code\":\"US\",\"embedded_show_webChannel_country_timezone\":\"Europe/Busingen\",\"embedded_show_webChannel_officialSite\":\"https://www.videoland.com/\"},\"nullCount\":{\"embedded_show_webChannel_id\":0,\"embedded_show_webChannel_name\":0,\"embedded_show_webChannel_country_name\":4,\"embedded_show_webChannel_country_code\":4,\"embedded_show_webChannel_country_timezone\":4,\"embedded_show_webChannel_officialSite\":10}}","tags":{"INSERTION_TIME":"1663504712000002","OPTIMIZE_TARGET_SIZE":"268435456"}}}
{"add":{"path":"part-00003-852b1ebe-501e-4b25-909a-1e52f1f90c14-c000.snappy.parquet","partitionValues":{},"size":3160,"modificationTime":1663504712000,"dataChange":true,"stats":"{\"numRecords\":18,\"minValues\":{\"embedded_show_webChannel_id\":3.0,\"embedded_show_webChannel_name\":\"ALLBLK\",\"embedded_show_webChannel_country_name\":\"Belgium\",\"embedded_show_webChannel_country_code\":\"BE\",\"embedded_show_webChannel_country_timezone\":\"America/New_York\",\"embedded_show_webChannel_officialSite\":\"https://tv.apple.com/\"},\"maxValues\":{\"embedded_show_webChannel_id\":538.0,\"embedded_show_webChannel_name\":\"twitch\",\"embedded_show_webChannel_country_name\":\"United States\",\"embedded_show_webChannel_country_code\":\"US\",\"embedded_show_webChannel_country_timezone\":\"Europe/Oslo\",\"embedded_show_webChannel_officialSite\":\"https://www.primevideo.com\"},\"nullCount\":{\"embedded_show_webChannel_id\":0,\"embedded_show_webChannel_name\":0,\"embedded_show_webChannel_country_name\":7,\"embedded_show_webChannel_country_code\":7,\"embedded_show_webChannel_country_timezone\":7,\"embedded_show_webChannel_officialSite\":13}}","tags":{"INSERTION_TIME":"1663504712000003","OPTIMIZE_TARGET_SIZE":"268435456"}}}
{"add":{"path":"part-00004-b3ef0c16-e3d7-4afb-8116-cde9c143a219-c000.snappy.parquet","partitionValues":{},"size":3163,"modificationTime":1663504712000,"dataChange":true,"stats":"{\"numRecords\":17,\"minValues\":{\"embedded_show_webChannel_id\":32.0,\"embedded_show_webChannel_name\":\"ATRESplayer PREMIUM\",\"embedded_show_webChannel_country_name\":\"Canada\",\"embedded_show_webChannel_country_code\":\"CA\",\"embedded_show_webChannel_country_timezone\":\"America/Halifax\",\"embedded_show_webChannel_officialSite\":\"https://wetv.vip/\"},\"maxValues\":{\"embedded_show_webChannel_id\":533.0,\"embedded_show_webChannel_name\":\"WeTV\",\"embedded_show_webChannel_country_name\":\"United States\",\"embedded_show_webChannel_country_code\":\"US\",\"embedded_show_webChannel_country_timezone\":\"Europe/Stockholm\",\"embedded_show_webChannel_officialSite\":\"https://www.swearnet.com\"},\"nullCount\":{\"embedded_show_webChannel_id\":0,\"embedded_show_webChannel_name\":0,\"embedded_show_webChannel_country_name\":3,\"embedded_show_webChannel_country_code\":3,\"embedded_show_webChannel_country_timezone\":3,\"embedded_show_webChannel_officialSite\":13}}","tags":{"INSERTION_TIME":"1663504712000004","OPTIMIZE_TARGET_SIZE":"268435456"}}}
{"add":{"path":"part-00005-5e2fd174-67c9-4be9-b302-f1332ce6e364-c000.snappy.parquet","partitionValues":{},"size":3220,"modificationTime":1663504712000,"dataChange":true,"stats":"{\"numRecords\":18,\"minValues\":{\"embedded_show_webChannel_id\":22.0,\"embedded_show_webChannel_name\":\"All 4\",\"embedded_show_webChannel_country_name\":\"Bangladesh\",\"embedded_show_webChannel_country_code\":\"BD\",\"embedded_show_webChannel_country_timezone\":\"America/New_York\",\"embedded_show_webChannel_officialSite\":\"https://www.channel4.com/\"},\"maxValues\":{\"embedded_show_webChannel_id\":518.0,\"embedded_show_webChannel_name\":\"iflix\",\"embedded_show_webChannel_country_name\":\"United States\",\"embedded_show_webChannel_country_code\":\"US\",\"embedded_show_webChannel_country_timezone\":\"Europe/Paris\",\"embedded_show_webChannel_officialSite\":\"https://www.sky.com/watch/sky-go�\"},\"nullCount\":{\"embedded_show_webChannel_id\":0,\"embedded_show_webChannel_name\":0,\"embedded_show_webChannel_country_name\":6,\"embedded_show_webChannel_country_code\":6,\"embedded_show_webChannel_country_timezone\":6,\"embedded_show_webChannel_officialSite\":16}}","tags":{"INSERTION_TIME":"1663504712000005","OPTIMIZE_TARGET_SIZE":"268435456"}}}
{"add":{"path":"part-00006-dff605ec-0ce0-4d60-9016-0adb869e0ab3-c000.snappy.parquet","partitionValues":{},"size":3275,"modificationTime":1663504712000,"dataChange":true,"stats":"{\"numRecords\":17,\"minValues\":{\"embedded_show_webChannel_id\":71.0,\"embedded_show_webChannel_name\":\"ABC iView\",\"embedded_show_webChannel_country_name\":\"Australia\",\"embedded_show_webChannel_country_code\":\"AU\",\"embedded_show_webChannel_country_timezone\":\"America/New_York\",\"embedded_show_webChannel_officialSite\":\"https://www.bbc.co.uk/bbcthree\"},\"maxValues\":{\"embedded_show_webChannel_id\":506.0,\"embedded_show_webChannel_name\":\"wavve\",\"embedded_show_webChannel_country_name\":\"United States\",\"embedded_show_webChannel_country_code\":\"US\",\"embedded_show_webChannel_country_timezone\":\"Europe/London\",\"embedded_show_webChannel_officialSite\":\"https://www.wavve.com/\"},\"nullCount\":{\"embedded_show_webChannel_id\":0,\"embedded_show_webChannel_name\":0,\"embedded_show_webChannel_country_name\":4,\"embedded_show_webChannel_country_code\":4,\"embedded_show_webChannel_country_timezone\":4,\"embedded_show_webChannel_officialSite\":14}}","tags":{"INSERTION_TIME":"1663504712000006","OPTIMIZE_TARGET_SIZE":"268435456"}}}
{"add":{"path":"part-00007-68a9549a-f959-4570-957f-f3b3d0463771-c000.snappy.parquet","partitionValues":{},"size":3322,"modificationTime":1663504712000,"dataChange":true,"stats":"{\"numRecords\":18,\"minValues\":{\"embedded_show_webChannel_id\":26.0,\"embedded_show_webChannel_name\":\"AIS Play\",\"embedded_show_webChannel_country_name\":\"Canada\",\"embedded_show_webChannel_country_code\":\"CA\",\"embedded_show_webChannel_country_timezone\":\"America/Halifax\",\"embedded_show_webChannel_officialSite\":\"https://aisplay.ais.co.th/portal\"},\"maxValues\":{\"embedded_show_webChannel_id\":529.0,\"embedded_show_webChannel_name\":\"discovery+\",\"embedded_show_webChannel_country_name\":\"United States\",\"embedded_show_webChannel_country_code\":\"US\",\"embedded_show_webChannel_country_timezone\":\"Europe/Warsaw\",\"embedded_show_webChannel_officialSite\":\"https://www.bbc.co.uk/iplayer\"},\"nullCount\":{\"embedded_show_webChannel_id\":0,\"embedded_show_webChannel_name\":0,\"embedded_show_webChannel_country_name\":3,\"embedded_show_webChannel_country_code\":3,\"embedded_show_webChannel_country_timezone\":3,\"embedded_show_webChannel_officialSite\":14}}","tags":{"INSERTION_TIME":"1663504712000007","OPTIMIZE_TARGET_SIZE":"268435456"}}}
{"commitInfo":{"timestamp":1663504713158,"userId":"8534114395324379","userName":"jramirez@iwco.co","operation":"MERGE","operationParameters":{"predicate":"(tgt.embedded_show_webChannel_id = upd.embedded_show_webChannel_id)","matchedPredicates":"[{\"actionType\":\"update\"}]","notMatchedPredicates":"[{\"actionType\":\"insert\"}]"},"notebook":{"notebookId":"2332635609408812"},"clusterId":"0917-171652-htk1q29x","readVersion":10,"isolationLevel":"WriteSerializable","isBlindAppend":false,"operationMetrics":{"numTargetRowsCopied":"0","numTargetRowsDeleted":"0","numTargetFilesAdded":"8","executionTimeMs":"2449","numTargetRowsInserted":"140","scanTimeMs":"1153","numTargetRowsUpdated":"0","numOutputRows":"140","numTargetChangeFilesAdded":"0","numSourceRows":"140","numTargetFilesRemoved":"0","rewriteTimeMs":"1205"},"engineInfo":"Databricks-Runtime/10.4.x-scala2.12","txnId":"78cecaed-b996-48ab-9334-71191f9adf36"}}
