{"commitInfo":{"timestamp":1663509993746,"userId":"8534114395324379","userName":"jramirez@iwco.co","operation":"VACUUM START","operationParameters":{"retentionCheckEnabled":false,"specifiedRetentionMillis":0,"defaultRetentionMillis":604800000},"notebook":{"notebookId":"2332635609408850"},"clusterId":"0917-171652-htk1q29x","readVersion":3,"isolationLevel":"SnapshotIsolation","isBlindAppend":true,"operationMetrics":{"numFilesToDelete":"8"},"engineInfo":"Databricks-Runtime/10.4.x-scala2.12","txnId":"dbe52d4d-1f61-4cf4-a090-ab5fa99f47b2"}}
