{"protocol":{"minReaderVersion":1,"minWriterVersion":2}}
{"metaData":{"id":"bd1f2608-0900-4822-a1b8-1bd5888ad1e7","format":{"provider":"parquet","options":{}},"schemaString":"{\"type\":\"struct\",\"fields\":[{\"name\":\"id\",\"type\":\"long\",\"nullable\":true,\"metadata\":{}},{\"name\":\"url\",\"type\":\"string\",\"nullable\":true,\"metadata\":{}},{\"name\":\"name\",\"type\":\"string\",\"nullable\":true,\"metadata\":{}},{\"name\":\"season\",\"type\":\"long\",\"nullable\":true,\"metadata\":{}},{\"name\":\"number\",\"type\":\"double\",\"nullable\":true,\"metadata\":{}},{\"name\":\"type\",\"type\":\"string\",\"nullable\":true,\"metadata\":{}},{\"name\":\"airdate\",\"type\":\"timestamp\",\"nullable\":true,\"metadata\":{}},{\"name\":\"airtime\",\"type\":\"timestamp\",\"nullable\":true,\"metadata\":{}},{\"name\":\"airstamp\",\"type\":\"timestamp\",\"nullable\":true,\"metadata\":{}},{\"name\":\"runtime\",\"type\":\"double\",\"nullable\":true,\"metadata\":{}},{\"name\":\"image\",\"type\":\"string\",\"nullable\":true,\"metadata\":{}},{\"name\":\"summary\",\"type\":\"string\",\"nullable\":true,\"metadata\":{}},{\"name\":\"rating_average\",\"type\":\"double\",\"nullable\":true,\"metadata\":{}},{\"name\":\"links_self_href\",\"type\":\"string\",\"nullable\":true,\"metadata\":{}},{\"name\":\"embedded_show_dvdCountry\",\"type\":\"string\",\"nullable\":true,\"metadata\":{}},{\"name\":\"embedded_show_externals_tvrage\",\"type\":\"double\",\"nullable\":true,\"metadata\":{}},{\"name\":\"embedded_show_externals_thetvdb\",\"type\":\"double\",\"nullable\":true,\"metadata\":{}},{\"name\":\"embedded_show_externals_imdb\",\"type\":\"string\",\"nullable\":true,\"metadata\":{}},{\"name\":\"embedded_show_image_medium\",\"type\":\"string\",\"nullable\":true,\"metadata\":{}},{\"name\":\"embedded_show_image_original\",\"type\":\"string\",\"nullable\":true,\"metadata\":{}},{\"name\":\"embedded_show_summary\",\"type\":\"string\",\"nullable\":true,\"metadata\":{}},{\"name\":\"embedded_show_updated\",\"type\":\"long\",\"nullable\":true,\"metadata\":{}},{\"name\":\"embedded_show_links_self_href\",\"type\":\"string\",\"nullable\":true,\"metadata\":{}},{\"name\":\"embedded_show_links_previousepisode_href\",\"type\":\"string\",\"nullable\":true,\"metadata\":{}},{\"name\":\"image_medium\",\"type\":\"string\",\"nullable\":true,\"metadata\":{}},{\"name\":\"image_original\",\"type\":\"string\",\"nullable\":true,\"metadata\":{}},{\"name\":\"embedded_show_links_nextepisode_href\",\"type\":\"string\",\"nullable\":true,\"metadata\":{}},{\"name\":\"embedded_show_webChannel\",\"type\":\"string\",\"nullable\":true,\"metadata\":{}},{\"name\":\"embedded_show_image\",\"type\":\"string\",\"nullable\":true,\"metadata\":{}},{\"name\":\"embedded_show_webChannel_country\",\"type\":\"string\",\"nullable\":true,\"metadata\":{}},{\"name\":\"embedded_show_dvdCountry_name\",\"type\":\"string\",\"nullable\":true,\"metadata\":{}},{\"name\":\"embedded_show_dvdCountry_code\",\"type\":\"string\",\"nullable\":true,\"metadata\":{}},{\"name\":\"embedded_show_dvdCountry_timezone\",\"type\":\"string\",\"nullable\":true,\"metadata\":{}},{\"name\":\"embedded_show_id\",\"type\":\"long\",\"nullable\":true,\"metadata\":{}},{\"name\":\"embedded_show_webChannel_id\",\"type\":\"double\",\"nullable\":true,\"metadata\":{}},{\"name\":\"embedded_show_network_id\",\"type\":\"double\",\"nullable\":true,\"metadata\":{}},{\"name\":\"embedded_show_averageRuntime\",\"type\":\"double\",\"nullable\":true,\"metadata\":{}},{\"name\":\"embedded_show_schedule_days\",\"type\":\"string\",\"nullable\":true,\"metadata\":{}},{\"name\":\"Genero_0\",\"type\":\"string\",\"nullable\":true,\"metadata\":{}},{\"name\":\"Genero_1\",\"type\":\"string\",\"nullable\":true,\"metadata\":{}},{\"name\":\"Genero_2\",\"type\":\"string\",\"nullable\":true,\"metadata\":{}},{\"name\":\"Genero_3\",\"type\":\"string\",\"nullable\":true,\"metadata\":{}}]}","partitionColumns":[],"configuration":{},"createdTime":1663508931459}}
{"commitInfo":{"timestamp":1663508932322,"userId":"8534114395324379","userName":"jramirez@iwco.co","operation":"WRITE","operationParameters":{"mode":"Overwrite","partitionBy":"[]"},"notebook":{"notebookId":"580977330729499"},"clusterId":"0917-171652-htk1q29x","isolationLevel":"WriteSerializable","isBlindAppend":false,"operationMetrics":{"numFiles":"0","numOutputRows":"0","numOutputBytes":"0"},"engineInfo":"Databricks-Runtime/10.4.x-scala2.12","txnId":"63d3f337-c4ef-401c-ab10-c9bad114ea5c"}}
