{"remove":{"path":"part-00000-0a00b6b8-80eb-42a5-b66b-e6dc736968ba-c000.snappy.parquet","deletionTimestamp":1663510038091,"dataChange":true,"extendedFileMetadata":true,"partitionValues":{},"size":113930,"tags":{"INSERTION_TIME":"1663509988000000","OPTIMIZE_TARGET_SIZE":"268435456"}}}
{"remove":{"path":"part-00001-30bc179b-79f6-442c-9d13-8fb399551d91-c000.snappy.parquet","deletionTimestamp":1663510038091,"dataChange":true,"extendedFileMetadata":true,"partitionValues":{},"size":130937,"tags":{"INSERTION_TIME":"1663509988000001","OPTIMIZE_TARGET_SIZE":"268435456"}}}
{"remove":{"path":"part-00002-0a46c51a-3a21-4b45-96dc-22d3da7b9842-c000.snappy.parquet","deletionTimestamp":1663510038091,"dataChange":true,"extendedFileMetadata":true,"partitionValues":{},"size":118654,"tags":{"INSERTION_TIME":"1663509988000002","OPTIMIZE_TARGET_SIZE":"268435456"}}}
{"remove":{"path":"part-00003-fed8b8ae-d691-47fa-99e5-09e3bf2a1b68-c000.snappy.parquet","deletionTimestamp":1663510038091,"dataChange":true,"extendedFileMetadata":true,"partitionValues":{},"size":128362,"tags":{"INSERTION_TIME":"1663509988000003","OPTIMIZE_TARGET_SIZE":"268435456"}}}
{"remove":{"path":"part-00004-75f753ad-a428-49ed-9267-2ff1b14fe063-c000.snappy.parquet","deletionTimestamp":1663510038091,"dataChange":true,"extendedFileMetadata":true,"partitionValues":{},"size":121203,"tags":{"INSERTION_TIME":"1663509988000004","OPTIMIZE_TARGET_SIZE":"268435456"}}}
{"remove":{"path":"part-00005-06711602-15b4-468d-9582-628363d0f260-c000.snappy.parquet","deletionTimestamp":1663510038091,"dataChange":true,"extendedFileMetadata":true,"partitionValues":{},"size":118639,"tags":{"INSERTION_TIME":"1663509988000005","OPTIMIZE_TARGET_SIZE":"268435456"}}}
{"remove":{"path":"part-00006-90eedc77-d3c9-43d3-9257-1acf24eae047-c000.snappy.parquet","deletionTimestamp":1663510038091,"dataChange":true,"extendedFileMetadata":true,"partitionValues":{},"size":120079,"tags":{"INSERTION_TIME":"1663509988000006","OPTIMIZE_TARGET_SIZE":"268435456"}}}
{"remove":{"path":"part-00007-907e4fe8-642f-436a-9eed-91c85cf1b774-c000.snappy.parquet","deletionTimestamp":1663510038091,"dataChange":true,"extendedFileMetadata":true,"partitionValues":{},"size":110843,"tags":{"INSERTION_TIME":"1663509988000007","OPTIMIZE_TARGET_SIZE":"268435456"}}}
{"commitInfo":{"timestamp":1663510038091,"userId":"8534114395324379","userName":"jramirez@iwco.co","operation":"WRITE","operationParameters":{"mode":"Overwrite","partitionBy":"[]"},"notebook":{"notebookId":"580977330729499"},"clusterId":"0917-171652-htk1q29x","readVersion":5,"isolationLevel":"WriteSerializable","isBlindAppend":false,"operationMetrics":{"numFiles":"0","numOutputRows":"0","numOutputBytes":"0"},"engineInfo":"Databricks-Runtime/10.4.x-scala2.12","txnId":"dc4e32c0-038b-4ff5-b611-f0c4e1449045"}}
