{"commitInfo":{"timestamp":1663510086372,"userId":"8534114395324379","userName":"jramirez@iwco.co","operation":"VACUUM START","operationParameters":{"retentionCheckEnabled":false,"specifiedRetentionMillis":0,"defaultRetentionMillis":604800000},"notebook":{"notebookId":"2332635609408850"},"clusterId":"0917-171652-htk1q29x","readVersion":9,"isolationLevel":"SnapshotIsolation","isBlindAppend":true,"operationMetrics":{"numFilesToDelete":"24"},"engineInfo":"Databricks-Runtime/10.4.x-scala2.12","txnId":"726537a3-5807-42ca-9cd4-1b08d15dabae"}}
